sent,label
#菲军舰恶意撞击#又他妈一个猴子,1
#菲军舰恶意撞击#搞死它死菲佣,1
我们的军队是摆设吗？,1
#菲军舰恶意撞击#很是气愤，这么小的国家也敢欺负中国，太嚣张了，端了它！,1
#菲军舰恶意撞击#肯定又是谴责了，中国政府还能干什么？,1
泱泱中华，被人欺负的跟个瘪三似的，悲哀！,1
瞧瞧你的这帮不孝的兔崽子啊！,1
可悲啊……,1
#菲军舰恶意撞击#不是ZF无能，也不是人家狡诈，是我们的国民素质教育低下了！,1
你们都吃饱撑的？！,1
当中国人都是傻子吗？,1
#菲军舰恶意撞击#中国人的尊严何在？,1
连菲律宾、越南这些蛮夷小国都敢欺负我们，政府为何不能强硬一些，学学我们的邻居俄罗斯，看看人家！,1
#菲军舰恶意撞击#麻痹蛋丸之国也这么嚣张,1
就连菲律宾这样的小国都敢在老虎头上拨毛：太嚣张了。,1
知道中国政府财大、气粗、胆子小。,1
#菲军舰恶意撞击#.小菲，老鼠，来吧！,1
你会比它更惨...,1
我想吐槽，但你们不是人，还是算了吧，哼,1
小样！,1
#菲军舰恶意撞击#菲 不能再让你飞一会了、、、真是嚣张得不行,1
#菲军舰恶意撞击#软弱的政府!,1
好战的国民!,1
TMMD，军委主席吃屎去了么？,1
#菲军舰恶意撞击#虽说中国还不够强大，但不要用君子行为对小人。,1
越来越差劲了…,1
#菲军舰恶意撞击#这种国家就是没有出息，只知道为别家卖批到时候还要别家数钱，我种国家就是垃圾，国际的败类，嗨真为这些垃圾叹气,1
#菲军舰恶意撞击#东亚病夫！！！,1
我们国家太懦弱了。。。,1
菲律宾大裤衩子都这么嚣张！,1
中国母亲，你太软弱了！,1
菲真是一条狗,1
#菲军舰恶意撞击#连菲佣这种破国家都欺负中国。,1
不争气的中国啊！,1
#菲军舰恶意撞击#打他个狗日小菲，王菲也要打,1
都挺不起来！,1
#菲军舰恶意撞击#丢脸！,1
没用的国家,1
#菲军舰恶意撞击#菲律宾真贱,1
#菲军舰恶意撞击#懦弱的中国政府，被这小国家骑到了头上，中国政府发展了经济丢失了刚硬。,1
#菲军舰恶意撞击#窝囊的糊禁逃崽子，我日泥码,1
#菲军舰恶意撞击#中国，已很让国人失望。,1
#菲军舰恶意撞击#中国在对外就和孙子一样，就会欺负自己人，空军能让美国撞，渔船就能让菲律宾小鬼撞，中国要是不禁枪哥们非让他知道华夏子孙是不好惹的,1
毕竟是中国最黑的党～共产党在执政，持强凌弱……,1
无论政府有怎样的深谋远虑，国人受欺负，就是你们的无能…,1
#菲军舰恶意撞击#hu这狗日的怕是第二个布什,1
#菲军舰恶意撞击#中国军队无能懦弱，什么都听上面的，*,1
#菲军舰恶意撞击#对于中国政府.垃圾.腐败.还很孙子.作为中国人.被欺负.习惯习惯就好,1
#菲军舰恶意撞击#蛋痛的中国人，不痒的政府,1
#菲军舰恶意撞击#现在的中国就是当年晚清，怂包软蛋的官员,1
#菲军舰恶意撞击#中国是时候强硬起来了，不应只停留在懦弱谈判。,1
#菲军舰恶意撞击#胡××还是不行阿～对于美国人不能过于软弱，惩戒一下菲律宾给美国人看看～,1
#菲军舰恶意撞击#就是中国太懦弱了，什么人都敢欺负到头上,1
#菲军舰恶意撞击#菲律宾是无懒小国，占我领海欺我鱼民，请问我们军队在干吗？,1
我们海军在干吗？,1
#菲军舰恶意撞击#中国的领导层太软弱啦，还大国呢！,1
丢人。,1
#菲军舰恶意撞击#中国人民是不可战胜的！,1
#菲军舰恶意撞击#国家的耻辱,1
#菲军舰恶意撞击#中国，还是无法摆脱百年传统的软弱。,1
#菲军舰恶意撞击#小小菲律宾都敢动你中国,1
#菲军舰恶意撞击#这种事怎么这么平常了。,1
媒体都干嘛去了？,1
这不是一个人的病 而是社会,1
#菲军舰恶意撞击#共产党下台,1
#菲军舰恶意撞击#现在的中国太软弱了不知道什么时候能硬起来,1
#菲军舰恶意撞击#中国现在太窝囊了，要是毛爷爷邓爷爷在，什么越南菲律宾，早TM滚蛋了,1
#菲军舰恶意撞击#都几年了，菲律宾屡屡挑衅，外交部除了抗议还有什么，丫的，太懦弱了！,1
我感觉越来越失望了,1
#菲军舰恶意撞击#中国的那群老东西够软蛋  怕了是薄  怕搞乱你们美好的回忆？,1
老了就滚回去报孙子   别让全国人民吐你们口水！,1
#菲军舰恶意撞击#呵呵，谁叫我们国家政府是软蛋呢…,1
#菲军舰恶意撞击#我们不能再软弱了，中华雄狮起来啊！,1
#菲军舰恶意撞击#草  国家在干吗   就让他那么的挑衅,1
#菲军舰恶意撞击#小菲你真不要脸，你TMD給我听好了，中国做为世界第一文明大国不給你，你说你连一个文明人你都欺负，你TMD还是人吗？,1
不是中国不打你，你p大点的国家，中国怕别的国家说中国已大欺小，你TMD知道了吗？,1
你在拽小心外星人揍你。,1
#菲军舰恶意撞击#所有爱国人士都应该对政府军队的软弱给予强烈的谴责，国家是人们的国家，不是几个人的国家，对于关乎全国人民利益的大事件，人们应该有权力表达意愿。,1
#菲军舰恶意撞击#中国 秧秧大国 灭掉蛋丸之地的菲律宾 。,1
#菲军舰恶意撞击#习惯了中国外交的道貌岸然.真他爹的窝囊…,1
中国是礼仪之邦。,1
肯定是态度强硬。,1
行动软弱。,1
#菲军舰恶意撞击#南海舰队何在?,1
#菲军舰恶意撞击#MD，干掉他姥姥，小菲子！,1
#菲军舰恶意撞击#政府就会以规章节制穷老百姓，官员自己贪污受贿，有钱人肆意妄为！,1
#菲军舰恶意撞击#都是狗熊，只会欺负百姓，不会对付外侮，早晚倒台……,1
你还要窝囊到什么时候…,1
难道等到人家刀架到你脖子上才知道反抗么,1
#菲军舰恶意撞击#中国的兵，就是好，天天上课，就是没毕业考试过…,1
国防部真的该解散了,1
家门口都被欺，真想不通，还说中国说超级大国，超级大笨国！！！！,1
#菲军舰恶意撞击#中国总是那么软弱,1
#菲军舰恶意撞击#中国政府缺钙了，哈哈哈哈哈……,1
#菲军舰恶意撞击#无能政府，庸官下台，,1
#菲军舰恶意撞击#我建议：反、供，这政府太无能了，不如一个国民党现在，推翻了，谁起个头，,1
#菲军舰恶意撞击#弱国无外交，前一段时间是小日本，这两天泰国、缅甸，这回菲律宾，中国的领导好脾气啊！,1
中国政府太无能了,1
#菲军舰恶意撞击#中国共产党什么都好，就是在被欺负的时候话都不敢说！,1
#菲军舰恶意撞击#菲国真是欺人太甚，根本就是流氓行为，说什么小意外，在南海，菲国有什么资格检查我国的渔船，就凭他开艘炮艇吗？,1
#菲军舰恶意撞击#共产党对外就是忍者神龟,1
#菲军舰恶意撞击#菲狗你不要太消张了,1
#菲军舰恶意撞击#小菲，你丫的找国人费了你呢，明天炮轰它们，说演习呢，没看见那块小地方还有人，只看见一群猪,1
中国人民军队在干嘛呀？,1
#菲军舰恶意撞击#政府把东亚病夫演绎得淋漓尽致…,1
#菲军舰恶意撞击#中国这一代领导人太无能了，虽然这是美国蓄意挑拨,1
#菲军舰恶意撞击#中国快完了共产党下台吧,1
#菲军舰恶意撞击#中国政府阳萎了。,1
#菲军舰恶意撞击#中国政府太软弱了！,1
最近发生的一些是让人太窝火了！,1
#菲军舰恶意撞击#中华民族真悲哀！,1
#菲军舰恶意撞击#我们又回到了腐败无能的清朝时代了,1
中国就他妈的孬种，吊人一个，国防都防自己人，你他妈国防能做点正事吗？,1
能干点人事阿？,1
你他妈怕死，别连累别人阿，吊炮吊飞机在那都生锈了，你不会发给国人阿。,1
说你鸟人怕死，你他妈说这说那，你他妈吃屎去吧。,1
#菲军舰恶意撞击#中国老这么软弱干吗的？,1
#菲军舰恶意撞击#高层领导，你们晚上能睡着吗，中国人的尊严快被你们当官做没了,1
#菲军舰恶意撞击#软弱的共产党，死去吧。,1
#菲军舰恶意撞击#大势以去，共产党完咯。,1
#菲军舰恶意撞击#敢做不敢当的小鳖三。,1
#菲军舰恶意撞击#以后在出海把中国国旗扯下来，挂老美的，中国政府太软蛋了！,1
#菲军舰恶意撞击#TNND    中国政府什么时候也强硬一回啊！,1
#菲军舰恶意撞击#中央那些领导都去死吧！,1
#菲军舰恶意撞击#对外软弱无能，对自己人心狠手辣，这就是中国政府永远无法改变的实事。,1
我们的政府不够强硬，每次都是强烈抗议，别人鸟你么？,1
#疯狂的大葱#疯狂的不是葱，是我们的政府。,1
有了这样的世道，有什么不能疯？,1
多气派～,1
#疯狂的大葱#都是两会代表体验生活惹的祸，说物价便宜现在好了会议以闭幕，这边落那边涨，这一切都是正常的一切都在操作中！,1
#疯狂的大葱# 蔬菜家族 以后会越来越疯狂的  我们马上就什么也吃不起了,1
#疯狂的大葱#和公务员的工资比，这点算什么，和吃公款的比，只不过不到九牛一毛，可怜、可惨的农民人,1
#疯狂的大葱#夸张了吧！？,1
贵点应该…,1
#疯狂的大葱# /惊讶简直太疯狂啦,1
#疯狂的大葱#还真够黑的……,1
净吹牛!,1
这不坑老百姓吗!,1
还讲诚信-政府先不讲诚信-还让百姓讲i,1
#疯狂的大葱#啊  真让人大脑 葱 血,1
#疯狂的大葱#物价局吃干饭.该出来管管了.天天座地不动能了解到多少?,1
物价瞎涨.就工资不涨.,1
#疯狂的大葱#十块钱买两根葱，我要是在那样的物价环境中生活，估计早饿死了！,1
太坑爹了吧，如今的中国是怎么了？,1
#疯狂的大葱#价格暴涨啊……,1
#疯狂的大葱#比肉都贵了,1
#疯狂的大葱#以后不吃葱了,1
#疯狂的大葱#什么价格都涨，咋就没有看到工资涨！,1
#疯狂的大葱#太夸张也没那么凶,1
#疯狂的大葱#据说十元买两根，什么都涨价，还让不让人活了啊，都“辟谷”得了,1
#疯狂的大葱#哪有这么贵的啊，给我我都不看一眼,1
#疯狂的大葱#不喜欢吃,1
#疯狂的大葱#中国：吃有毒的奶粉，用臭沟里油，买10元两根葱、炒病死猪肉，喝有致癌饮料，住豆腐渣的房，走山体滑坡的路，过洪水淹着的桥，上微薪水的班，坐报废的车，读无黑板学校，写没有笔的字，娶买来的老婆，养拐来的娃，存不翼而飞的款，取真假不知的钱，供一群腐败的官。,1
我们还没死，活不起！,1
#疯狂的大葱#目前的中国经济就好像一颗大葱;看着挺直，如果储存管理不当，被霜冻一打，立马萎缩。,1
#疯狂的大葱#真是坑他老祖宗呢，你给我十块钱，我给你五根,1
#疯狂的大葱#主要的还是赚钱太少啊。,1
#疯狂的大葱#只有劳动力最廉价,1
#疯狂的大葱#还挺‘疯’的,1
#疯狂的大葱#10元现在已经卖不到什么了，伤感啊,1
人民币不值钱了能不涨吗？,1
自己问党去,1
#疯狂的大葱#十块钱两根，以前吃煎饼果子是拼命放葱花，现在吃是拼命放鸡蛋。,1
#疯狂的大葱#差不多，我妈买了一根四块钱，跟我说的时候我都觉得震了！,1
#疯狂的大葱#物价不想让人们过日子了……,1
#疯狂的大葱#可不嘛 食堂都暴涨,1
#疯狂的大葱#葱要比肉贵了，以后改吃面了，不要加葱,1
#疯狂的大葱#悲催的社会,1
#疯狂的大葱#这么狠，不是坑人吗,1
#疯狂的大葱#这日子可真是没法过了，今天炒绿豆，明天炒大蒜，现在大葱又被炒上了，下一个是谁呢？,1
#疯狂的大葱#好坑爹啊！,1
#疯狂的大葱#哎 物价我同意你涨 你能带同 工资一起吗？,1
#疯狂的大葱#什么都涨，就工资不涨。,1
#疯狂的大葱#无视，家里就土地多随便种点够吃的！,1
#疯狂的大葱#蒜葱狠,1
#疯狂的大葱#拉去枪毕  让他涨价，害老白姓,1
#疯狂的大葱#如今的物价太吓人了!,1
中国的工薪族，还能活吗?,1
商人嘛，挣了一元还想挣十元，永远不会满足。,1
他才不会管你什么民生，什么国家利益，什么社会稳定。,1
#疯狂的大葱#只听到涨的，没听到跌的，涨涨涨，到最后就剩下RR不值钱了,1
#疯狂的大葱#大葱贵！,1
#疯狂的大葱#葱疯头了,1
#疯狂的大葱#穷人话多，葱上张与种葱的农民有什么关系，不知道就不要瞎说，最冤的是农民，自己种的都舍不得吃，,1
#疯狂的大葱#现在的工资只能吃什么呢?,1
#疯狂的大葱#老家的葱涨钱了！,1
#疯狂的大葱#真是天价，比房子还贵,1
这到底是什么社会.....,1
#疯狂的大葱#这一切都太可怕了,1
#疯狂的大葱#物价主管部门干什么去了？,1
#疯狂的大葱#大葱价格不稳定，一年里可能就是很短的时间可能值点钱，很多的时间里，我们买的时候，还是便宜的，所以种的人少了，再说今年多冷呀，贵一点也是情有可缘的吧！！！！,1
#疯狂的大葱#北京卖葱的都坑人，还是家里的大葱便宜,1
#疯狂的大葱# /惊恐这样不正常的事情  物价局。。。。。~~~,1
#疯狂的大葱#真是疯狂的世界啊,1
#疯狂的大葱#基本的民生问题都解决不了，中国啊中国,1
#疯狂的大葱#涨涨涨，涨你妹啊涨,1
#疯狂的大葱#青菜都快买不了了，都不敢吃青菜了…………,1
一个字啊“贵”。,1
#疯狂的大葱#用一天的工资买了锅，可买不起菜！,1
用一个月工资买了手机，可绞不起话费！,1
用一年的工资买了车，可用不起油！,1
用五十年工资买了房子，可交不起管理费！,1
#疯狂的大葱#都他妈RMB惹的货。。。,1
#疯狂的大葱# 疯狂，以前去菜市场买菜，摊主都“送你葱”，而今天一般都不送葱了。,1
#疯狂的大葱#政府为什么不打击这种恶意的炒作？！！,1
这并不是单纯的商家炒作！,1
#疯狂的大葱#这个现在看来很正常，关键是要查清到底是物价上涨得离谱还是大葱给炒得离谱。,1
#疯狂的大葱#我以后实习还没有工资发的，以现在的物价看来，我以后是不是会饿死呢？,1
#官员财产公示# 纯属作秀  走个形式,1
#官员财产公示#只当它是个带响的屁,1
#官员财产公示#廉洁人是不能做官的  就是廉洁监理都是被甲方和施工方看不起的  你说财产公示能有投诉吗,1
#官员财产公示#大家不要抱任何幻想，只是个笑话,1
#官员财产公示#  别扯蛋了，蛋疼。。。,1
#官员财产公示#中国的高层都他妈是装，真不知道你们的各级领导有多贪吗，还零投诉呢，真是掩耳盗铃,1
#官员财产公示#除了党信，再可能就是小鬼信了。,1
#官员财产公示#你们还会在乎百姓的看法吗？,1
#官员财产公示#得瑟什么，这事悬！,1
#官员财产公示#这是个冷笑话么？,1
#官员财产公示#明摆着是骗傻子的。,1
这不是下边叫唤得不行了，才弄出个这玩意，让畜生公示？,1
哎呀，别笑死洒家了！,1
#官员财产公示#官员财产公示难再一次印证：第一，靠拥有权力者革自己的命、监督约束自己的权利基本就是扯淡。,1
第二，即便官员财产公示制度顺利施行，老百姓没有监督权，官员不向老百姓负责而只对上负责，财产公示就还是摆设。,1
第三，社会从上到下对腐败零容忍的氛围缺乏，腐败就就继续拥有深厚的土壤。,1
#官员财产公示# 公开的只是明的，暗的有谁知道呢！,1
#官员财产公示#在职的官员财产可以公开，不在职的七大姑，八大姨财产没义务公开，到时玩个李代桃僵，还不是照样我行我素！,1
所以就不用搞那么多欺人的花样，百姓已经懒得理会你是不是脱了裤子放屁了!.,1
#官员财产公示#一介草民不谈政治，官不贪那九不叫官了。,1
#官员财产公示#非常欢迎，至少可以对比一下和官员的工资差别有多大，能知道收入的变化，也就能发现问题所在。,1
#官员财产公示#  政府这样不行,1
#官员财产公示#国家公职腐败上上下下、深根蒂固。,1
"晒财产在廉政建设中虽然可行，但让公权力在握的贪官污吏们\""晒\""自己的罪恶，恐怕只能让\""公示\""流于形式或难产！",1
归根结底，还是制度问题：民权是一句空话！,1
民众对政府职能部门缺乏有效的监督机制，致使公权力暴走、部分人有侍无恐，腐败恣虐！,1
#官员财产公示#谁会傻到自己名义有几套房，早就转转到小三的裤腰里了,1
#官员财产公示#我看是红黑不分家，倒霉的只有百姓！,1
#官员财产公示#现在好人还能当官？,1
不贪能当官？,1
反正我不信有当官不贪的，一个村长都贪更不用说比村长大的了,1
#官员财产公示#有个故事叫掩耳盗铃,1
#官员财产公示# 你拍一我拍一一个官员坐飞机  你拍二我拍二两个官员在相斗  你拍三我拍三三个官员抱金砖  你拍四我拍四四个官员不识字  你拍五我拍五五个官员人人唬  你拍六我拍六六个官员国外溜  你拍七我拍七七个官员穿囚衣  你拍八我拍八八个少爷官爸爸 你拍九我拍九九个官员茅台酒,1
#官员财产公示#不要骂，不要闹贪官也是人，他贪点也好，他玩也行，只要能为老百姓办点实事就行！！！！！！！,1
#官员财产公示#呵呵呵，很多天朝官员全体家人都拿了人家美帝绿卡了，一切皆畅通无阻！！,1
你说神马财产公示是不是很滑稽可笑之至？？？,1
#官员财产公示#纵向比起来还算有进步，不管是真是假，毕竟迈出去了这一步，但和西方国家比起来还需进一步透明。,1
#官员财产公示#就算公示到底有多少是真的？,1
再说了，就算知道内幕，谁又敢去投诉啊？,1
#官员财产公示#造假的人实际太多了！,1
#官员财产公示#不是没意见，只是不敢说．．．．．．,1
#官员财产公示#一粒定心丸，定了你的心，贪官终是贪官，那些只是小事，蒙骗群众的眼睛,1
#官员财产公示#是官员为公民服务还是公民服务官员、、、,1
#官员财产公示#当官不贪污，他这官就没有办法当，当不了大官，就没有钱往上送，官就当不大，当不长，所以查中国贪官一般是查不下去的，就结案了，官员财产公示，作秀吧了，,1
#官员财产公示#这就是悲唆的中国，靠什么才能改变.,1
#官员财产公示#忽悠，接着忽悠！,1
#官员财产公示#每年清明得给官员烧香，你们都是财产的老祖宗---动不得！,1
俺们纳税人的皮可以养一阵子，要不，又得被驴们按住一层一层的揭...,1
#官员财产公示#不明真相，怎会有人投诉？,1
#官员财产公示#很明显都假的，只要你给老百姓办实事，贪污点无所谓,1
#官员财产公示#经济最虚，食品最毒，官员最贪，城管最烂，外交最弱，军事最熊，房价最高，医药最贵，假货最多，污染最重，工人最苦，农民最穷，物价最高，工资最低， 口号最响，实干最少，官员财产最多。,1
#官员财产公示#又做了悲哀的落后的中国人！,1
惨！……,1
#官员财产公示#中国的官都是靠关系跑出来的，没有灰色收入怎么跑官和保官，这样的体制也是难为了他们。,1
官还是有钱人去做。,1
#官员财产公示#乌鸦一样黑，无语,1
#官员财产公示#作秀。,1
这就是典型的往脸上贴金。,1
又想当婊子又想立牌坊。,1
恶心!!!,1
#官员财产公示#有用么？,1
装13,1
#官员财产公示#有这态度是对的。,1
不要急改革得一步一步来，共产党就怕“认真”两个字，一认真起来就没有办不到的事。,1
#官员财产公示#把父母和子女等直系亲属和他们的的财产都公示了，那才叫真正公示,1
#官员财产公示#公示的能有多少;有意思吗?,1
三岁的孩子都知道公示的只是很小的一部分……,1
#官员财产公示#用黄陂话说就是“日大侠”，这件事本身就是以“皇帝的新衣”作剧本。,1
#官员财产公示#有人信吗？,1
如果是真的，那焦裕禄都能活过来；,1
#官员财产公示#为了惩治腐败，官员财产公示总比不公示要好一些。,1
那些二等老实贪官可能要落网。,1
#官员财产公示#相信公布的也不可信，除非每一个地方由民间成立廉洁机构，让老百姓监督，可以有权利查银行等机构。,1
#官员财产公示#中国现在的社会，感觉就像旧社会的一个大地主压迫剥削着我们一样！,1
累死累活的为了讨生活，还要养着那些就知道剥削的地主，挨打受欺的却还是我们！,1
#官员财产公示#没价值的课题不讨论！,1
#官员财产公示#开 开玩笑吧,1
#官员财产公示#在咱老百姓的心中，就真的只有朱镕基总理算得上是个好官了，他曾经拉下马了几个像云南李嘉廷省长这样的巨贪，功不可没呀。,1
#官员财产公示#表面工夫谁不会做,1
#官员财产公示#公示的有意思吗？？,1
表面文章！,1
#官员财产公示#没有好的制度什么都是空的,1
#官员财产公示#我已经开始把这个新闻当做“掩耳盗铃”成语的现代版，教我儿子了！,1
感谢政府能给与我这么好的例子教育下一代。,1
备注：脱了裤子放屁，整个多此一举嘛！,1
不管你信不信，反正没人信。。,1
#官员财产公示##新手报到#全是放它良的屁，说快活话骗骗老百姓。,1
现在的政府官员有不贪的吗？？？,1
反正老子不信。,1
孔子，孟子也不会信。,1
#官员财产公示#不管你信还是不信，反正我是不相信的。,1
#官员财产公示#可恶   傻子也不信,1
#官员财产公示#是不是说笑话啊，谁又写了一部中国的《天方夜谭》，让村干部公示都不可能，更何况比他们大的官呢。,1
#官员财产公示#支持！,1
/强,1
#官员财产公示#有再大的困难，也要推行官员财产申报公示制度，这是建设廉洁政府的有效办法，现在的三公公开也只是序幕，因为这是二十一世纪国家管理之潮流和方向！,1
#官员财产公示#这你们也信呀，统治者就喜欢你们这样天真又容易懵到的公民，以后类似的公示想想再发言吧。,1
#官员财产公示#假、假，但为什么会没有结果呢，中国的公民真的是那么软弱无能吗,1
#官员财产公示#让官员财产公布，不如让公鸡下蛋来得容易些。,1
可能吗？,1
#官员财产公示# 脱了裤子放屁,1
#官员财产公示#生在中国有点可悲,1
#官员财产公示#无聊，根本没必要！,1
不看都知道！,1
#官员财产公示#公开了银行里的，，藏在床底下的谁知道啊！！！,1
#官员财产公示#公示是好事！,1
但可信度有多少？,1
根本就没人信！,1
哄三岁小孩呀！,1
#官员财产公示# 公示了有能怎么样，还不是照样的贪，又不实行。,1
#官员财产公示#官员财产公示是一大进步，反腐倡廉已提上议事日程，虽然效果甚徽，但毕竟引起了重视。,1
政策是好的，可贯彻下来却变了味，走了形，监督机制很重要，要想真正落实到位，还需大家共同努力,1
#官员财产公示#总算是前进了一点，就是距百姓的愿望还很远,1
#官员财产公示#不知道是执政者弱智还是媒体弱智，难道都把老百姓当弱智了？？？,1
伤不起啊！！！！,1
#官员财产公示#有个鬼用，公示出来的也要有人信吖？,1
#官员财产公示#无非就是走过场，这种事多了，谁信？,1
#官员财产公示#很好啊，说明我们国家官员很清廉为人民服务的。,1
#官员财产公示#有多少真实信呢？,1
我很傻很呆也很不相信官员门公布的个人财产，在这里还有诚信度存在？,1
#官员财产公示#作秀，老百姓很难监督。,1
#官员财产公示#现在还有不贪污的领导吗？,1
不贪污能当领导吗？,1
不走后门谁提拔你，真要查没一个干净的。,1
贪没贪我们百姓心里有数，老百姓只是怕趟这趟浑水小心惹来杀身之祸还不知道是谁干的，政府对我们的生命安全是没有保障的。,1
#官员财产公示#第一..公示本身就没有啥意义。,1
第二..还投诉呢？,1
#官员财产公示#继续继续做秀吧，反正老百姓早已麻木了，，，疯子做秀把百姓当傻子，，，不知道是谁愚弄了谁,1
#官员财产公示#作秀，老百姓很难监督.具有中国特色的财产公示.,1
#官员财产公示# 零投诉正是执行效果不好的表现。,1
#官员财产公示#装，又在那装，掩耳盗铃真的有很有意思么？,1
#官员调研#出发点不错，支持！,1
#官员调研#一个字儿，都是装逼的！,1
#官员调研#太好了，有些当官能这样做，就说明中国有救了。,1
古往今来不都是这样做的，这样才能真正了解事实情况呀，证实找到再亮身份，有劲，给你力呀……！。,1
#官员调研#省长水平之高,1
#官员调研#当前的社会的官场跟封建时代差不多，官官相互，它们谁还管老百姓死活，有些官员甚至是黑社会老大。,1
官场大量存在吃喝嫖赌，它们是黑社会的代言词了。,1
呵呵。,1
记者在一定时期也可能被官方收买的，我们期待着。,1
#官员调研#让贪污腐败来的更猛烈些吧！,1
先在的官员要多黑有多黑可能吗?,1
赞！,1
#官员调研#有鸡蛋，我砸你一箩筐！,1
有病啊！,1
#官员调研#调研多是走过场，下面做给上面看，也可理解为上面体恤下面难处，互相忽悠，或者说是互相给面子！,1
#官员调研#因为现在官员大多都是贪官，中国的毒瘤,1
#官员调研#就这样，人被搞虚伪了，社会被搞浑了，政府没有公信力了。,1
#官员调研#坑尼马的谍啊！,1
尼马贪官污吏也是有苦衷的嘛？,1
#官员调研#这是好事。,1
#官员调研#官员调研借记者之名，这馊主意不错，至少说明我们的官员很有自知之明，知道自己是多么多么不受百姓爱戴。。。,1
#官员调研#这样好啊。,1
山东又更上一层楼了。,1
#官员调研#恩，这样更好！,1
#官员调研# 前几日看一电视剧《康熙微服私访记》里面有一段颇多感慨，就是贩茶叶的那段，剧情很俗套，反映的却是很实在，不知道是否还有博友看过……,1
#官员调研#黑幕啊，赤裸裸的！,1
#官员调研# 现在除了中央政治局的人没有问题，别的都是贪官污吏。,1
#官员调研#危险啊，这说明现在的政府和老百姓是处于对立的状态，因为老百姓不愿也不敢对官员说真话。,1
尊敬的姜大明省长耶，快给我拉倒吧！,1
你以为你是康熙呀，让满腹肚腩的官下基层，还要冒充记者，这不是在给记者头上抹黑吗？,1
在说了，记者这种不畏强权，不怕坚难困苦，永求事实敢与说话的敬业精神，是你们所不及的！,1
记者是人渣们的克星，是老百姓的救星，是受老百姓爱戴的！,1
#官员调研#都是贪婪的人,1
#官员调研#记者还算可以反映民情，但并非所有的记者都公正真实反映事实,1
可是我又想，从古至今，官员又是最会变色的一个群体，我又释然了，担心多余了。,1
#官员调研# 又一次走秀。,1
中国特色。,1
不要把官架子摆大，少捞点人民的血汗就不错了。,1
#官员调研#现在的官为民做实事的太少了,1
#官员调研#中国是个披依法治国的外衣干人治社会的事，从来都是跟着讲上一级要的政治…,1
什么公平公正诚信作秀罢了，妖风很盛…,1
#官员调研#因为官员太不真实了。,1
#官员调研#做做样子，没什么实质性的东西……,1
#官员调研#官员调研只是到地方吃喝的借口,1
#官员调研#调研吃喝吧？,1
中国百姓对政府和官员的公信力已经降到0了。,1
#官员调研#悲哀&#%*&@#…,1
#官员调研#第一、官无能  第二、管理落后  第三、虚伪  第四、亏人,1
#官员调研# 二师兄出行，怎么化妆掩饰不了的长鼻子……,1
#官员调研#你可以去死了你个…,1
#官员调研#我们那里山高皇帝远的，谁能去我们那儿看看呀！,1
#官员调研#本身就不是玩意还去调研，这社会变得越来越不靠普了,1
社会的可悲呀,1
#官员调研#现在的官员那不是为人民服务，而是为人民币服务，垃圾官员，腐败的政治,1
#官员调研#我对现在的这个社会已经不抱有希望了！,1
#官员调研#记者现在也不说实话，中国现在没有相信的官，都是披着羊皮的狼,1
现在太多的为民解忧的事迹都仗了记者，网络，唉，这个世界真的越来越疯狂了！,1
#官员调研#有的，当官的太坏了，真想找人，群殴一身。,1
#官员调研#这个提议好，反映出社会现状实质，一针见血的说明了地方官员的溜须拍马，阳奉阴违，做个好官，就要想尽一切办法了解民情解决民意，支持！,1
#官员调研#当官的是空中楼阁，脱离了百姓，脱离了实践，脱离了生活，他们根本不关心人民的需要，社会的饥渴。,1
#官员调研#悲哀啊。,1
#官员调研#现在的官员谁还能说真话啊，社会就这样完了,1
#官员调研#现在的官是吃白饭的!,1
#官员调研#中国社会和政府太腐败,1
#官员调研#这种方式不错哦！,1
#官员调研#这类垃圾官员，中国遍地都是。,1
披着人皮的狼。,1
#官员调研#这种做法好啊,1
#官员调研#调研坑爹的,1
#官员调研#这是人民对官员的不信任，社会的悲哀,1
#官员调研#世态炎凉啊！,1
现在真是人情淡如水呀。,1
我现在相信的是、只要台湾回归大陆、要不了十年还是国民党统治中国、因为共产党太腐败了、,1
#官员调研#调研个屁，每天发生那么多真实的事情，政府那一样不是在打太极……,1
#官员调研#可喜呀！,1
#官员调研#无聊，虚伪，2…,1
2…，,1
不正经，我死也不信,1
#官员调研#作假有几个可信,1
#官员调研#当你受到不法侵害需要保护时，法律却站在违法者一边，当你寻求国家主持正义的时候，突然发现自己却成为了国家的敌人，这是一个多么缺德残忍 混蛋 泯灭人性 不讲理的国家。,1
泯灭人性王八蛋国家。,1
人民百姓悲哀。,1
#官员调研#当你受到不法侵害需要保护时，法律却站在违法者一边，当你寻求国家主持正义的时候，突然发现自己却成为了国家的敌人，这是一个多么缺德残忍的国家。,1
太假了！,1
官员他们都是土匪……,1
#官员调研#都是混蛋！,1
#官员调研#这个提倡还行可是 真的要去 下面调研，下面的官员肯定会知道的 因为 上面都有他们的 通信员。,1
这个提议很白扯，上面有政策，下面就有对策！,1
#官员调研#说明现在的官员多么好大喜功！,1
多么脱离群众！,1
#官员调研# 放屁、骗鬼呢。,1
你们那些花花肠子还不清楚、怀疑,1
#官员调研#记者都不是个好东西了，不可信,1
#官员调研#呵呵呵哈哈哈嘿嘿,1
#官员调研#一个只为资本家，黑恶势力撑腰的政府不管你扮成什么样，最后调研的东西都是为资本家服务。,1
#官员调研#因为穿着羊皮的狼,1
真能装,1
#官员调研# 骗爹玩呢,1
#官员调研#野心、自私、欺软怕硬，不务正道。,1
不用说肯定不靠谱。,1
#官员调研#这个话题好无聊啊。,1
#官员调研#狗日的官员们现在都已经够不要脸了！！,1
你们的诚信都到这种说谎话才能换百姓实话的地步了不感到耻辱吗？,1
你们有耻辱感吗？？,1
你们对得起人民吗？？,1
对得起党和国家吗？？,1
你们这是在毁党毁国啊！！！！,1
#官员调研#记者正直啊！,1
#官员调研#相信官员狗屁，苦的都是没钱的老白姓,1
#官员调研#现在的官员也就和当年国民党的官员一个德行。,1
我调研他还差不多、臭不要脸…,1
真的办事的没几个！,1
#官员调研#现在的官员调研，都是烂驴充数；,1
#官员调研#社会就这样！,1
#官员调研#泥玛   ·太假,1
#官员调研#这些官员都是走形式而已！,1
#官员调研#朱容基算是狠的了.拿下那么多贪官.深受百姓爱戴.最后只当了一届.为什么啊?,1
#官员调研#官员可信度极低，老百姓的意见传达给官员能解决的事情较少，他们消费较大，说记者，人们会说记者开支大而不是官员。,1
#官员调研#真悲哀;只有在老百姓带上面具才能骗到人家的心,1
#官员调研#官员调研本来是流于形式丶某些事其实比记者淸楚多了丶社会中的事记者所了解只是冰山一角丶,1
#官员调研#不错不错，微服私访,1
#官员调研#无疑显露了官员的肮脏，在人民心里，有一个绝对的真理，官官相护，对于一个与狼共舞的人，如何获取民众的信任!,1
当官的口头上说为人民服务，背后经常拿公费去玩去吃去养小三，买官、做些缺德事,1
#官员调研#证明现在的政府公信力已经被透支了  当李刚 李双江事件一再发生的时候 我们还有什么可以相信的,1
#官员调研#现在的官都是贪官，因为人民群众会告诉记着真实情况，是希望通过这个平台解决面临的问题，就算贪官当记着了解真实情况，也不一定会如实上报，所以只是一种形式,1
#官员调研#哈哈，这个社会都乱套了，认不清楚谁是爹了谁是妈，有苦也自己憋吧、白的他们都给整黑料,1
虽然记者有时候有点浮夸，但也都有实情。,1
#官员调研#黑暗的中国官场啊，，,1
#国旗下讨伐教育制度#这个演讲;怎一个好字了得!,1
#国旗下讨伐教育制度#不要论孩子的对错，存在即是合理，对孩子的包容是当下社会及教育最重要的一点,1
#国旗下讨伐教育制度#的确让人深思，这孩子说了多少人的心声。,1
#国旗下讨伐教育制度#中国的教育很是死板而且学校过于注重学习成绩！！,1
我挺他！！！,1
#国旗下讨伐教育制度#中国的教育就是不好…,1
特别是老师的素质还有学识！,1
#国旗下讨伐教育制度#很好！,1
孩子有胆量，做了很多大人感想却不敢做的事----讲了实话，做了实事。,1
这个学校也很不错，没有强制不给发言。,1
这样看来，中国教育正在渐变。,1
#国旗下讨伐教育制度# 说出了事实,1
#国旗下讨伐教育制度#后继有人了,1
#国旗下讨伐教育制度#他的勇气实在令人佩服，这个社会就是黑暗的，该怎么说就怎么说，该说什么就说什么，做自己.,1
感谢学校领导，在这阳光明媚的日子里，还是“坚持正面教育为主”图片来自@2,1
#国旗下讨伐教育制度#没啥说的，棒,1
#国旗下讨伐教育制度#这个是人才,1
海贼王的出现是作者四岁时的梦想，他就是最好的诠释,1
#国旗下讨伐教育制度#勇敢……,1
吐出了我们90后学生的心声！,1
#国旗下讨伐教育制度#顶！,1
这学生不是一班的！,1
#国旗下讨伐教育制度#貌似中国的教育改革已经回娘家了，伤不起啊…,1
#国旗下讨伐教育制度#我感觉现在的教育制度还是不错的，毕竟是为了下一代的健康成长，如有好的建议，可以对有关部门提，但是当着这么多的人的面去抨击它，实在是太不应该了....,1
#国旗下讨伐教育制度#很给力的一项行为…,1
也很佩服他，真的是五体投地，不过他为什么这样做大家有没有想过，没有人会闲的无聊干这种事情，所以，要深思,1
#国旗下讨伐教育制度#真有勇气好样的,1
#国旗下讨伐教育制度#为中国的教育悲哀，为政府的腐败悲哀！,1
为这孩子的真诚欢呼，因为还是有人没被洗脑,1
#国旗下讨伐教育制度#没用的，能靠一次的言论就进步中国的教育体制也不会是这个样子了！,1
#国旗下讨伐教育制度#我喜欢你，有种。,1
7515#国旗下讨伐教育制度#这同样是我想说的。,1
#国旗下讨伐教育制度#一张试卷决定人的人生，可笑,1
#国旗下讨伐教育制度#难得;敢说常人不敢说的事;可悲的社会,1
#国旗下讨伐教育制度#勇敢的孩子，可是在中国现行的教育制度下，这又有什么用呢？,1
#国旗下讨伐教育制度#我觉得他说的句句在理，不是无意义的乱喷。,1
中学只关心学生能上什么好大学，于是很多人上了好大学就堕落了；,1
大学只关心学生能去哪个好公司，于是很多人找到工作后又被炒了；,1
#国旗下讨伐教育制度#国旗下的教育;将我们的青春之血涂在伤口表面;还美其名曰正义.,1
#国旗下讨伐教育制度#改的好!,1
#国旗下讨伐教育制度#这位同学你是我亲人！,1
中国的教育体系真的很…,1
让人头疼…,1
#国旗下讨伐教育制度#有点过,1
#国旗下讨伐教育制度#介么有思想有个性，长大了不得了，了不得！,1
#国旗下讨伐教育制度#顶起;说出心声,1
#国旗下讨伐教育制度#我佩服你！,1
#国旗下讨伐教育制度#看着吧这制度终将覆灭,1
#国旗下讨伐教育制度#帅，孩子！,1
#国旗下讨伐教育制度#孩子累，老师更累呀。,1
#国旗下讨伐教育制度#教育制度本身就出现了问题    我想改起来不是件容易的事,1
#国旗下讨伐教育制度#中国教育的悲哀就是谁都可以点评几句，但谁也找不到好办法来解决,1
#国旗下讨伐教育制度#啥微博啊，最多能輸入130個字，叫人怎麼把話說完？？,1
有了教育制度，我們應當遵從，不應該怎麼去討伐，因為沒有能力的人說出的話不至於別人信服，可以當你說的，是股勇氣是種單純。,1
#国旗下讨伐教育制度#中国教育制度确实有问题的。,1
#国旗下讨伐教育制度#所有的体制改革中，教育体制和教育制度的改革是最失败的！,1
他把我们几代人改的迷失了方向和目标，改的我们没有了理想和追求，改的仅剩了沉重的负担和迷惘。,1
这位同学绝对我的偶像~~ /发呆,1
#国旗下讨伐教育制度#虽然应试教育制度确实存在鄙端，但如果我们不教受教育，就不可能系统的学习科学文化知识，也就不能在社会上立足。,1
受教育还能让我们得到更多的就业机会，也能得到更多展示自我的机会。,1
#国旗下讨伐教育制度#干得好！,1
我看到了将来支撑起祖国未来的强大力量！！！！,1
#国旗下讨伐教育制度#想想那些老师，除了个别老师是真正投入到了教育事业中，做到了教书育人，自身修养也很高。,1
还有太多人只是混在这支高尚的队伍里，有的是怀着骑驴找马的心态，有的就想混一辈子，毕竟学校轻松稳定，自身修养也不行，试想这样的老师能教好祖国的下一代么！,1
#国旗下讨伐教育制度#不能怪孩子，我们的教育的确如此，孩子的学习每天有14个多小时，没有运动，没有星期。,1
#国旗下讨伐教育制度#也不知道这个话题在这里讨论了有什么用，教育可能改革吗？,1
中国可能醒悟吗？,1
分分分学生的命根，造就了多少高分低能的书呆子！,1
这种教育制度不需要改革吗？,1
#国旗下讨伐教育制度#他是对的，大家都支持！,1
#国旗下讨伐教育制度#中国教育很失败！！,1
#国旗下讨伐教育制度#这是中学生的心声,1
不要因为理所当然的事感恩戴德，这也是中国教育的败笔，被奴化！,1
#国旗下讨伐教育制度#现在的孩子比我们那时候有想法了,1
#国旗下讨伐教育制度#江同学好样的！,1
#国旗下讨伐教育制度#学校太肏蛋,1
#国旗下讨伐教育制度#我们的教育需要反思,1
#国旗下讨伐教育制度#中国的教育制度本来就是有漏洞的，打着“科教兴国”的幌子变相的从中牟取利益！,1
公办学校如此，私立学校更是变本加厉，学校能教受多少？,1
#国旗下讨伐教育制度#心寒阿，中国教育坑了多少同鞋,1
#国旗下讨伐教育制度# 中国教育制度的悲哀就是所谓的“市场化”产业化！,1
#国旗下讨伐教育制度# 绝对要改   从小就开始官僚制度（组长 班长） 说好听的是培养他们的能力  其实 我想 这就是教师偷懒吧？,1
这是很严重的问题 从小官大一级压死人 从小学会讨好上级       天朝的未来在哪= =,1
#国旗下讨伐教育制度#教育部门确实该反省下,1
#国旗下讨伐教育制度#这个学生的行为虽然不正确.但在这同时.我想我们也需沉思当代的教育漏洞啊,1
#国旗下讨伐教育制度#太看重分数！,1
#国旗下讨伐教育制度#好孩子啊！！！！！,1
有志气！！,1
中国的教育制度当然得抨击！！！！,1
#国旗下讨伐教育制度#我觉得很好，该学生有创新精神。,1
#国旗下讨伐教育制度#可以继续发扬光大，这一直是是我们亿万中华学子心中的痛楚啊。,1
#国旗下讨伐教育制度#好，就是缺少这样的勇士！,1
#国旗下讨伐教育制度# 改革 支持 学生很苦 教育该改,1
#国旗下讨伐教育制度#说的好啊;中国的教育就是换汤不换药,1
#国旗下讨伐教育制度#中国的教育制度本身就走向了畸形，虽然有很多在职老师或者是家长没有说，但很多都那样想，比比国外先进的教育，就能看得到～！,1
#国旗下讨伐教育制度#　有这样的孩子真让人感到欣慰，他真实大胆的说出了心里的语言。,1
我们的教育制度让我们的孩子在分数与排名上痛苦的挣扎着，孩子们的兴趣什么时侯会受到重视？,1
#国旗下讨伐教育制度#这位同学很好很强大！,1
鼓励！！！,1
我非常赞成！！！,1
个人认为学校拿捏的还是到位了，因为毕竟升旗这件事……,1
#国旗下讨伐教育制度#这孩子有才，有勇气，精神可嘉1,1
#国旗下讨伐教育制度#江成博同学我支持你，你是一个有血性敢于说真话的人。,1
成人的世界永远都是《皇帝的新衣》。,1
老师为了自己的利益当然只会说你言论过激，为什么不问问其他同学呢？,1
#国旗下讨伐教育制度#不是孩子的叛逆，如果你也和他们的处境一样，相信你的做法和他们是一样的，这只是在反抗中国教育的不足。,1
#国旗下讨伐教育制度#哪个学校不虚伪呢……,1
我们学校也是,1
#韩寒方舟子之争#云南民族之花艺术团，您老一个劲的在那孤军奋斗，说韩寒为假作家。。。,1
蛮不讲理，脑残无极限。,1
#韩寒方舟子之争#http://url.cn/0Bw3HP  看完这个专访，觉得方舟子已经入魔了，他在给自己挖一个坑，然后越挖约深，难以自拔！,1
厉害。,1
#韩寒方舟子之争#方舟子，你就是个神经病，病人，不要脸，你妈把你生下来，就是让您老人家找事呢，您也不看看有多少人看不了你的嘴脸，您也改为你妈妈想想，你让人家怎么做人啊？,1
#韩寒方舟子之争#起先我着迷韩寒的新锐，才华，真诚；,1
现在折服韩寒的洒脱，大度，包容。,1
将来他定是草根作家楷模，人民的韩寒。,1
韩粉们拥抱我们可爱，纯真，脱俗的韩寒。,1
#韩寒方舟子之争#方舟子只不过是看韩寒红，心里嫉妒而已！,1
/猪头方舟子脑子有P呢，早日康复吧，完全的主观主义。,1
#韩寒方舟子之争#其实韩寒真的没什么文学天赋，只是长得好看而已。,1
如果去掉那些包装在上海大街小巷走，比他有范儿的一大把。,1
#韩寒方舟子之争#无论何种结果，这件事没有输家：韩寒将在磨砺中增加阅历和底蕴，变得更加成熟与超脱，粉丝会更坚定；,1
方舟子无论输赢，长远看都会继续名利双收；,1
网站有了更多点击量还可以做专题、赚人气；,1
方舟子真的是鸡蛋里挑骨头！,1
而且韩寒文字都是很有个人风格的！,1
#韩寒方舟子之争#方大神就一牛人，没事瞎折腾。,1
#韩寒方舟子之争#为什么还有六千人投票方舟子，方舟子脑袋被门夹了，难道你们也被门夹了吗？,1
难道你们也和方哥一起脑残，扰乱别人生活么？,1
#韩寒方舟子之争#方狗到时说不定还会批判政府，继续用科学来继续他那SB的批判，真是可笑、,1
#韩寒方舟子之争#老匹夫不完蛋，世界不会太平。,1
#韩寒方舟子之争#方舟子，你是不是闲得dan疼啊？,1
#韩寒方舟子之争# /呲牙韩寒是个好演员！,1
#韩寒方舟子之争# 姓方这小子太欠揍了,1
#韩寒方舟子之争#我从来都觉得方舟子是个神经  他怎么什么都质疑啊 真是好笑,1
而韩寒作为一个作家则很有魄力、敢说实话，非小小方舟子这样的---小无赖 可比拟。,1
#韩寒方舟子之争#  真金不怕火炼，真理越辩越明，一个永远不敢对着镜头当着公众，认认真真谈谈文学，谈谈自己作品的人，我可以相信他是天才（其他方面），但绝不会相信他是文学作家！,1
#韩寒方舟子之争# 方舟子就是个中年猥琐男。,1
#韩寒方舟子之争#哗众取宠,1
#韩寒方舟子之争#我想方舟子不是一个头脑发热的人,1
#韩寒方舟子之争#方舟子已经丢人丢到国外去了，中国知识分子的奇耻大辱啊！！！,1
#韩寒方舟子之争# 关于韩三篇，其实很普通的文字水平，却被好多知名人士看成精品，难免让人产生一种怀疑，你们是不是借此机会在预谋什么呢？,1
我并不是韩寒的粉丝，本来也处于中立，但是韩寒拿出了那么多证据，方大师却还是死鸭子嘴硬，这种样子很让人厌恶。,1
#韩寒方舟子之争#方你无聊闲着没事干么。。。,1
方在那不断地猜疑，举出一些毫无边际的猜想和莫名其妙纯属无聊的质疑，你不断地质疑，一会说有个代笔团队，一会说是韩爸代笔，你自己语无伦次，毫无逻辑不断地想推翻韩寒。。,1
#韩寒方舟子之争#从某种程度上来说，方舟子已经天下无敌了——人不要脸，天下无敌！,1
你还搞科研的，你看看你扯得那些淡，证据在哪里？,1
/可爱#韩寒方舟子之争#你已经达到目的了，方斗士，你已经红了！,1
#韩寒方舟子之争#方舟子绝对脑残 多大岁数的人了 有意思么/吐,1
#韩寒方舟子之争#具体内幕不得而知，但是韩寒给予我们的大多数影响是或活生生的他的才华相信毋庸置疑,1
#韩寒方舟子之争##分享图片#打假斗士反被打假，方舟子很搞笑，。,1
#韩寒方舟子之争#支持方舟子，韩寒的文章确实没什么质量，更没有什么内涵，说的都是老掉牙的事情，稍微知道怎么看政治事件的人都看的出来，韩寒仅仅将政治事件用白话写出来，其实写的事情都是港台天天播放的事,1
#韩寒方舟子之争#大家要相信方舟子先生，他不是空穴来风，也不是炒作，而是在追求真正的真理和不想各位受到欺骗。,1
"我观察过韩寒的\""微表情\""和\""成长过程\""，发现韩寒有很多值得我们质疑的地方！",1
#韩寒方舟子之争#人家说相由心生 这个人长得像坏人 那他肯定是坏人 长得像精神病 就是方舟子！,1
不过就我个人来看我还是支持韩寒，率直的文字，犀利的笔锋。,1
哗众取宠而已……,1
方舟子真的有够恶心,1
跟着方舟子像狗一样叫嚣无理取闹的还少吗？,1
你们骂韩迷没素质那你怎么不扭头看看你们那些素质低劣的人，他们的脏话就像从粪池里刚出来的一样散发着让人作呕的味道！,1
#韩寒方舟子之争#没有人愤怒并不代表这个社会不需要愤怒，韩寒只是敢于批判社会，敢于说真话，代表了我们对这个社会的愤怒，即使他真的是代笔，这份批判社会勇气也是可嘉的，我们依然会喜欢他的文。,1
方舟子也许另有目的，他扯蛋的很,1
#韩寒方舟子之争#方舟子、疯狗是你家亲戚？,1
#韩寒方舟子之争#方舟子，你就是一楼楼长！！,1
#韩寒方舟子之争#事实是，方舟子的转基因宣传虚假得是如此明显，连他的坚定支持者熊蕾、司马南都不肯相信。,1
#韩寒方舟子之争#怎么争韩寒和方舟子的名声也臭了,1
#韩寒方舟子之争#方舟子就是这个邪恶社会结出的怪胎。,1
#韩寒方舟子之争#方舟子挺无聊的。,1
#韩寒方舟子之争#我个人观点，方舟子就一心里极度变态、扭曲、嫉妒他人的一猥琐男！,1
韩寒是一个勤奋、上进、个性、孝顺活的真实的平凡青年，只不过把他放在很高的一个平台上，所以，有的人嫉妒，有的人仰慕，那又怎么了？,1
我觉得写的出好书的作家，内心一样纯净！,1
#韩寒方舟子之争#方舟子有文化的流氓，真可怕，支持韩寒,1
#韩寒方舟子之争#果断挺韩寒 方舟子扯什么淡…,1
#韩寒方舟子之争#说起方舟子的为人，大家都应该知道是个不错的的人。,1
韩寒我不认识，但是根据韩寒的脸型来看，并不是什么善良的人，后了我才知道韩寒，继而又从韩寒的“文史水平”、“写作能力”方面打假论证韩寒曾接受“代笔”，都是真的，他的写作能力还不如我，所以我支持方舟子，但是我又疑惑。,1
#韩寒方舟子之争#方舟子，方死人，一個至死方休，你方錯了人，就應該道歉，為人者應以道尊之，在西方，是不是狗屁就道理啊，這是中國，你有本事就一個諾貝爾看看，蓄勢子，不是方舟子，需柿子不是方舟子，聖經看多了還以為你是諾亞方舟麼，方舟子可笑可笑，須柿子可悲可悲，一架方舟已壞,1
#韩寒方舟子之争#方粥子变疯狗了,1
#韩寒方舟子之争#方舟子是个蹩脚的文学改编爱好者。,1
你方舟子活像一只疯狗，不敢上法庭因为你没证据，你没证据就一直主观论断强词夺理，欲加之罪何患无辞，白痴都看得出来你在抱私怨，没理还非要说出理来，,1
#韩寒方舟子之争#方舟舟啊，您又忘了吃药吧，您是不是准备说完韩寒再去和胡xx搅基啊,1
#韩寒方舟子之争#一看方舟子就恶心,1
一个智商平庸、能力底下的人却受到如此的吹捧，这是社会的悲哀。,1
把一个既愚蠢又无知的人推向公众，该谴责的是那些粉饰他的人，是因为他们的无能而导致。,1
#韩寒方舟子之争#方舟子就一傻B！,1
#韩寒方舟子之争#方舟子真无聊，没事除了说别人假学历假作品，就没干些好事。,1
#韩寒方舟子之争#方舟子就脑残，今天搞韩寒，有种去搞郭敬明。,1
#韩寒方舟子之争#你们谅解哈，方舟子有毛病,1
方舟子好歹是定目标一直冲，虽有很多无理取闹之处但也表现出他的倔强与固执。,1
而这个麦田，出尔反尔，觉得闹不过韩寒了就道歉，发现方舟子这个强有力靠山就又出来质疑。,1
#韩寒方舟子之争#方是在神经病医院，甲钴胺片吃多了。,1
#韩寒方舟子之争#韩粉果然病句连连呵呵。,1
#韩寒方舟子之争#为什么外界一直评论韩寒叛逆，不羁呢？,1
现在我们回过头来看他当年的视频资料，一次次的拒绝谈论写作话题，一次次的语无伦次，一次次的支支吾吾，一次次的脸红害羞，全都指向一个点，那就是作品不是出自自己之手。,1
你方舟子活像一只疯狗，不敢上法庭因为你没证据，你没证据就一直主观论断强词夺理，欲加之罪何患无辞，白痴都看得出来你在抱私怨，没理还非要说出理来，社会的肿瘤~,1
#韩寒方舟子之争#一场无聊的闹剧！,1
#韩寒方舟子之争#方舟子是想让自己更加出名吗？？？？？？,1
#韩寒方舟子之争#方舟子就是在耍无赖,1
#韩寒方舟子之争#韩寒是个骗子，2月都过完了，也没见真正的起诉结果，看来这厮心虚，起诉不过是装装样子罢了，可惜方舟子不是吓大的，根本不理会，韩寒骗子起诉一事只好不了了之了。,1
#韩寒方舟子之争#方舟子就是一神经病，纯碎的臆想狂，愿他早日康复吧...,1
我在他身上看到的是虚荣，是浮躁，谈吐没有思想，没有深度，怎能让人相信是一个真正的作家？,1
#韩寒方舟子之争# 方舟子，你真能扯、,1
#韩寒方舟子之争#一只专咬名人的狗，搅屎棍！,1
大道理别放这说，方秃子屎着呢,1
#韩寒方舟子之争#方舟子就跟个得狂犬似的乱咬韩寒,1
#韩寒方舟子之争#方舟子你是老民残弱而不知，文老而不时新，人腐而不知众，滩漓深泽欲弄人。,1
#韩寒方舟子之争#方舟子就是一泼皮，脸皮可以媲美铜墙铁壁，刀枪不入，得泼硫酸,1
#韩寒方舟子之争#个人觉得方舟子这样的人数与心理变态，见不得人过得好，谁好就找谁的麻烦！,1
#韩寒方舟子之争#韩寒真他妈是个傻逼，怎么看怎么恶心。,1
无语方舟子傻逼 ……,1
#韩寒方舟子之争#以前觉得方舟子是好人，现在才知道他是个小人！！,1
#韩寒方舟子之争#方舟子没事找事。,1
#韩寒方舟子之争#方舟子不务正业，吃饱了就是找茬，一段时间没有他了。,1
这种人算什么东西！,1
清者自清，浊者自浊，方舟子不过是哗众取丑。,1
该打的假不打，不该打的瞎打，纯粹是没事找事型的。。。,1
#韩寒方舟子之争#看韩寒好像是应该长得帅，有才华的的一个人。,1
但是现在从韩寒的脸型可以看出他不是什么善良的人，那段视频中的韩寒好像是在跟我们讲冷笑话。,1
方舟子则不同了，那视频长的他坚定，严谨，严肃地对待这件事，所以我支持你方舟子，但是大多数的人还是支持韩寒，法院可能让韩寒起诉，不公平。,1
#韩寒方舟子之争# 肘子只知道咬人、貌似大义凛然、却是实实在在的炒作、写好攻击点、然后有选择的去找所谓的证据、就像明明眼前站着一个人、他却不承认、怎么都不承认、非要让韩寒、像让子弹飞里的六子才好、肘子贱人……,1
没事闲的。。。,1
有空回家带孩子去吧。。,1
#韩寒方舟子之争#挺韩寒-方舟子只是闲得慌-中国有句话：嫉妒心害死人-,1
#韩寒方舟子之争#方舟子是属疯狗的吧，逮谁咬谁啊~借着韩寒想出名~还真是疯了~,1
#韩寒方舟子之争#韩寒敢说,1
#韩寒方舟子之争#韩寒虚伪得好似一颗毒瘤，若不及时切除，后患无穷。,1
#韩寒方舟子之争#方舟子有意思吗？,1
我看他现在只不过是抹不下面子而已，大家理解理解，其余的人，只是想炒作罢了，挺韩寒~,1
#韩寒方舟子之争#方舟子可笑可笑，須柿子可悲可悲，一架方舟已壞----破阵子可修可修，美美子害羞害羞，几量汗牛完好一——小子开飞机刚过悬崖,1
#韩寒方舟子之争#鄙视方舟子，他是美国人养的一条疯狗，一下咬这个，一下咬那个，当年xxx雇人用铁锤把他砸死就好了，现在这样半脑瘫不脑瘫的，给社会添麻烦。,1
方，一个2B中年……,1
SB一个……,1
#韩寒方舟子之争#方舟子没事惹事- -,1
无耻。,1
#韩寒方舟子之争#方舟子就是闲的 蛋 疼、,1
#韩寒方舟子之争#方舟子跟本就是无济之谈，那么喜欢质疑别人，又拿不出证据，浪费别人时间。,1
#韩寒方舟子之争#我觉得方舟子就是太极端了，这种人最假，太叫人讨厌了,1
#韩寒方舟子之争#方舟子闲得没事干有病吧……,1
/呲牙/呲牙#韩寒方舟子之争#呵呵，好笑真好笑 /呲牙,1
#韩寒方舟子之争#方舟子  不过是哗众取宠…,1
方舟子就是个大傻逼#韩寒方舟子之争#,1
#奖状植入广告#其实也没啥，以前用的各种东西还不都是某某企业赞助什么的，广告无处不在，一点惊讶没有~~~ /得意,1
/白眼,1
#奖状植入广告#商家真是无孔不入，但是要适可而止！,1
#奖状植入广告#不应该的，这样影响的是一代人的思想！,1
#奖状植入广告#这想钱想疯了，干吗不植入杰士邦,1
#奖状植入广告# /擦汗现在都这样，又能怎么样，社会风气越来越不如以前了，真担心将来的后代,1
#奖状植入广告#真特么有头脑。,1
#奖状植入广告#校长很由商业头脑,1
#奖状植入广告#没话说了,1
#奖状植入广告#商人真的商不起，这还是奖状吗？,1
奖状什么时候这么不值钱了,1
#奖状植入广告#就这样一个学校，校长和全体主管教师，都是娘胎里头埋了臭铜钱的种了,1
#奖状植入广告#嗨，在我们学校这TM太正常了。。。,1
#奖状植入广告#教育本身是一种事业，在中国变成一种产业。,1
#奖状植入广告#国人很会做生意,1
#奖状植入广告#╭∩╮（︶︿︶）╭∩╮鄙视你！-_-,1
#奖状植入广告#广告已经无孔不入了,1
#奖状植入广告#改日~小孩子额门头也植入广告吧~,1
#奖状植入广告#表示中国教育很扯淡,1
#奖状植入广告# 广告、无懈可击,1
#奖状植入广告#认为学校做的不错的人也太恶搞了吧,1
#奖状植入广告#这社会无处没广告！,1
#奖状植入广告# 忽悠人的,1
#奖状植入广告#校长是人才,1
跑校长兜里了……,1
#奖状植入广告#中央电视台，包括各大媒体，谁没有播过“坑爹”的广告？,1
#奖状植入广告#= =，植入广告比水渗透得还快= =,1
#奖状植入广告#你妹的，你咋不在骨灰盒上植入广告啊，亲戚朋友都去，好去瞻仰你家的广告植入。,1
#奖状植入广告#不要脸要从娃娃抓起,1
#奖状植入广告#广告无处不在，这是市场经济的一种普遍现象，很正常。,1
#奖状植入广告#满天飞的广告，就不能留点静土！,1
#奖状植入广告#恩恩  不觉得有什么大不了的。,1
不错不错。。,1
#奖状植入广告#虽然没什么大影响，但是看着总有点不舒服。,1
#奖状植入广告#          太给力了,1
笑话，那么多年，那么多人都上过学，为了几毛钱一张的奖状都要节省？,1
哎，学校的领导智商真高，能有这样的措辞 佩服啊。,1
#奖状植入广告#现在这世界怎么了，什么都能弄。,1
连广告都弄到学校里。,1
师傅人性都将掩埋在商业里。,1
人性何在？,1
可以换个形式啊，广告做在奖状上不妥吧？,1
#奖状植入广告#无孔不入啊!!!!,1
#奖状植入广告#真的 伤不起 呀呀 有木有 有木有,1
#奖状植入广告#社会是个很神奇的东西，你也许见多了，会慢慢的了解的。,1
#奖状植入广告#支持！,1
节约经费！,1
#奖状植入广告#作业上全是广告……,1
#奖状植入广告#无孔不入..........,1
#奖状植入广告#What kind of education is this?,1
Stop it!,1
#奖状植入广告#无语，我曾经在优尼卡上过的》,1
这也要这么玩。,1
#奖状植入广告#这也可以的,1
#奖状植入广告#奖状覆盖面太窄，作业本封皮、校服、老师工作服等效果更好！,1
#奖状植入广告#我要是获到这样的奖状  我会立刻回家  将它压至箱底  再也不看了   伤不起,1
这是为了孩纸们、但不能说没有弊处……,1
#奖状植入广告#把你妹也植入广告吧,1
#奖状植入广告#很好，只要学校领导别把钱都装到自己的腰包就行。,1
#奖状植入广告#额现在人太有空了,1
#奖状植入广告#从小培养经济头脑，不错 /呲牙,1
#奖状植入广告#那家单位是公家的不应该，但不是公家的私人企业可以做广告。,1
#奖状植入广告#好惨啊……………………………………,1
"#奖状植入广告#         内容健康适合的广告植入，而且提供赞助的··· 此举体现“合作多赢、各得其所\""。",1
无可厚非！！！,1
#奖状植入广告#学校做得不错，可以节约经费,1
河南的教育实在落后，政府也不给力呀~~~,1
#奖状植入广告#很好很强大,1
#奖状植入广告#我去，学校也太损了。,1
#奖状植入广告#无语啊,1
#奖状植入广告# 很好，广告为什么不可以植入？,1
#奖状植入广告#只能说这社会……,1
#奖状植入广告#我很无语好像是街边那些骗子骗钱,1
#奖状植入广告#   无孔不入啊，学校收的好处也不少吧。,1
#奖状植入广告#真无语。。。,1
#奖状植入广告#好难看啊，这样的奖状【虽然奖状没有好看的,1
#假和尚搂女子#这两个和尚兄弟太不像话了啊！,1
/差劲,1
这个世界肿么这么疯狂！！！！,1
#假和尚搂女子#解决生理，不值得在网上  谈   作者无聊  找块棉花撞死了事  让网络安静一会,1
#假和尚搂女子#太给力了呀/酷,1
#假和尚搂女子#这年头还有什么是真的？,1
#假和尚搂女子# TNN这社会什么都可能发生/难过,1
#假和尚搂女子#/弱/鄙视,1
#假和尚搂女子#呵呵太好玩了。,1
#假和尚搂女子#有那个傻得和尚吗，穿着衣服这么明显，还带美女去开房,1
#假和尚搂女子#疯狂的社会  哈哈哈哈哈哈哈哈哈哈和好,1
#假和尚搂女子#是人才还是人渣。,1
还有那俩是女人 还是贱人，光天化日的招摇过市，它们想干嘛?,1
混蛋东西/吐/发怒,1
#假和尚搂女子#奇人啊,1
#假和尚搂女子#太不是人了，现在和尚们真有本事糊弄人,1
#假和尚搂女子#挺好玩的,1
#假和尚搂女子#呵呵，这个社会越来越先进了，啥创意都有,1
#假和尚搂女子#玛德    不要脸的太多了啊        唉,1
虚伪。。。,1
#假和尚搂女子#有个性,1
#假和尚搂女子#和尚 哥也知道你寂寞 ，可是你太鸡巴猖狂了。,1
好好呢当什么鸡巴和尚嘛 简直就是做事不鸡巴达草稿,1
#假和尚搂女子#唉这世道和尚是假的、胸是假的、奶粉也是假的。,1
他们出名了~~臭名远扬,1
真是无耻！,1
#假和尚搂女子#不法之徒#伤风败俗！！！,1
/咒骂/差劲,1
#假和尚搂女子#太有才了,1
#假和尚搂女子#“和尚”无修行，俩女子更无赖，还不如引诱唐长老的众女妖，人家是为了加快成仙的途径好从善，可她们却是为了出彩而亵渎宗教。,1
唉，这算什么事，有病！,1
如此玷污佛教也不怕有报应。,1
#假和尚搂女子#我擦啊，怎么恶搞啊，这个和尚真悲催。。。。。。,1
#假和尚搂女子#哇、、好有才哦！,1
#假和尚搂女子#    装犊子   显富啊？,1
#假和尚搂女子#如今骗子太多什么样的都有，佛门净土也被这些败类玷污了，可恨！,1
#假和尚搂女子#绝对的炒作，想出名想疯了，一群疯子,1
#假和尚搂女子#坑蒙拐骗的和尚啊，该善掉,1
#假和尚搂女子# 悲哀啊,1
#假和尚搂女子#太猖狂！,1
#假和尚搂女子#这种人死后一定下油锅,1
#假和尚搂女子#这些人脑子被驴踢了！,1
#假和尚搂女子#是骗子就要处理，关键这个事件影响恶劣，使人们对佛教的教义产生怀疑和排斥，太过分了！,1
#假和尚搂女子# 我喜欢济公这样的颠和尚，鲁智深这样的花和尚。,1
有多少所谓的真和尚在故弄玄虚，欺蒙着善男信女们的虔诚和香火钱呢？！,1
#假和尚搂女子#                 气死人了和尚,1
】 也许那句“没文化真可怕”用在他俩身上，再恰当不过了。,1
#假和尚搂女子#这人太色了,1
#假和尚搂女子#六根未净啊，，， 哈哈哈,1
#假和尚搂女子#  哈哈 这假和尚太牛啦， 现在这个社会的和尚不像以前不喝酒不吃肉 现在的和尚吃喝嫖赌样样俱全。,1
#假和尚搂女子#不专业/衰,1
#假和尚搂女子#这种人，禽兽，不知道他把他妈咋教育他们的,1
#假和尚搂女子#  哇唔， 这 个 够 劲 爆 、,1
#假和尚搂女子#阿弥陀佛，我佛慈悲，对这等以佛祖名义到处招摇撞骗之徒还是让他们早升极乐世界到佛祖脚下洗清罪过吧！,1
#假和尚搂女子#这些大骗子，真想一个巴掌扇死一个。,1
#假和尚搂女子#   真和尚也没几个好东西·,1
#假和尚搂女子#这世界越来越奇怪了,1
#假和尚搂女子#你们真强悍！,1
#假和尚搂女子#呵呵 现在和尚太疯狂了   我也想做和尚,1
#假和尚搂女子#牛啊。,1
现在和尚的文化高，待遇好，还有假打的了、,1
#假和尚搂女子#很开放,1
#假和尚搂女子#这两家伙太嚣张,1
#假和尚搂女子#欠揍！~,1
他是恶魔的子弟，破坏佛门形象，堕阿鼻地狱吧！~,1
人渣。,1
社会的蛀虫。,1
#假和尚搂女子#太牛了，竟然冒充和尚泡妞，这还像话吗？,1
这简直是太快张了！！！,1
#假和尚搂女子#假和尚是挂羊头卖狗肉,1
#假和尚搂女子#有辱佛门,1
#假和尚搂女子#这是对佛的不尊重，你们都会下地狱的,1
#假和尚搂女子#净他妈扯淡,1
那女子也有点贱，非同流即同伙吧，抑或脑残傻呆加无知。,1
#假和尚搂女子#和尚也是男人嘛，只不过他们也太不注意形象了,1
#假和尚搂女子#伤风败俗，不管如来佛祖如何处置你，不过先让警察叔叔先处理你们吧，如果是假和尚的话，那么你假冒什么不好为啥假冒个和尚那。,1
#假和尚搂女子# 该，你披着人皮不扮人事、,1
#假和尚搂女子#这两个花和尚真是牛人啊!,1
#假和尚搂女子#还真恶心,1
#假和尚搂女子#真可恨，,1
#假和尚搂女子#牛b啊  哥们开挂了吧,1
#假和尚搂女子#和尚不守佛门清规戒律，“荤”的    一塌糊涂，什么心态，如此招摇，有辱佛门净地，我佛慈悲，也不会任由俩假和尚玷污佛教形象的。,1
那也太傻冒了，哈哈！,1
#假和尚搂女子#真TM不要Face.,1
#假和尚搂女子#这和尚真有种//.   不会是!:,1
如果和尚都有一个黑社会集团那可牛了/憨笑,1
这年头和尚也潇洒。。。。,1
#假和尚搂女子#真不要脸    毁坏人家和尚的名誉包,1
#假和尚搂女子#太搞笑啦   什么时代,1
#假和尚搂女子#这两头猪动了凡心，佛主一定会把他们收走的，阿弥陀佛,1
#假和尚搂女子#这世道太乱了,1
此等人应/鄙视！,1
口殊笔伐之！,1
#假和尚搂女子#操你妈狗日的败类,1
#假和尚搂女子#真是2头烂驴 想想出名也不要这样吧,1
#假和尚搂女子#也太不是人了。,1
无耻,1
#假和尚搂女子# 丢人！,1
#假和尚搂女子#无信仰  无畏惧 的人真恐怖！！！！,1
堪比畜生~~~,1
#假和尚搂女子#这世道啊，太那个了,1
#假和尚搂女子#年轻的那个家伙太牛了,1
#假和尚搂女子#垃圾和尚,1
#假和尚搂女子#可恶尤其是那俩女的感到恶心。,1
#假和尚搂女子#可以再恶心一点吗;特别那俩女人;污点!,1
#假和尚搂女子# 伤风败俗！,1
#假和尚搂女子#  那么猖狂、。,1
#假和尚搂女子#这些和尚迟早要遭天打雷劈的........,1
#假和尚搂女子#现在和尚也疯狂啊，牛逼啊,1
#假和尚搂女子#花和尚，还俗,1
#假和尚搂女子# 现在这个社会太多假货了,1
#假和尚搂女子#这世道都疯癫了，怎么出名怎么来，真是无耻，拿宗教来说事造势，真应该下地狱，中国人就是太多人没有信仰，所以活得恬不知耻！！！,1
#假和尚搂女子#好   牛 插啊,1
#假和尚搂女子#哎..和尚都这么奔放了,1
#假和尚搂女子#秀逗了吧,1
#90后当教授#无语中。,1
不过不错哦。,1
90后的人才。,1
/可爱,1
#90后当教授#哦也，太帅了，,1
#90后当教授#       大哥你终于为咱90后争口气了，你是最棒的！！！,1
#90后当教授#厉害呀，我们九零后不只是大家说的那么一文不值的，只是一少部分而已，不能一概而论，几零后也有那种一文不值的人渣……,1
#90后当教授#人才啊 /p献花,1
#90后当教授# /鄙视 /鄙视 /鄙视,1
/转圈#90后当教授#天才啊，人家妈妈是怎么把他生下来的呢？,1
要是以后我家宝贝也这么聪明就好啦！,1
#90后当教授#刘路太牛乐了。,1
#90后当教授# 牛人啊~~~~天才~~~,1
#90后当教授#好，有潜力,1
#90后当教授#太神了，不愧为数学奇才。,1
#90后当教授# 他很厉害……,1
确实是人才呀。,1
#90后当教授# 英雄出少年！,1
#90后当教授#厉害呀，孩子，吃啥长大的呢,1
#90后当教授#牛A和牛C之间、,1
#90后当教授#人家有这个能力呗，加油。。,1
#90后当教授# /惊讶  羡慕啊！,1
#90后当教授#不拘一格降人才！,1
校方做的好。,1
#90后当教授#哇，了不起啊！~,1
佩服！,1
#90后当教授#刚还看了直播，不错，这小伙子有前途,1
#90后当教授#人才啊，90后的天才吖,1
#90后当教授#：有志不在年高，有水平就可以。,1
#90后当教授#  哇  ~    羨慕！,1
#90后当教授#厉害！,1
#90后当教授#但愿比陈景润更加乐观、宽广、智慧、体健、现实……,1
/强 /饭,1
#90后当教授#吃屎啊,1
#90后当教授#江山代有人才出，天才！！！,1
#90后当教授#    能人啊。,1
#90后当教授#既然是奇才，那么当教授也不算超范围。,1
#90后当教授#瞬间发现自己那点出息息相…,1
#90后当教授#真牛呀,1
#90后当教授#谁家的孩子啊，太厉害了！,1
#90后当教授#奇迹、、、,1
#90后当教授#正教授级研究员 /强,1
#90后当教授#真给我们长脸,1
很强大。,1
#90后当教授#各有所能，不得不服啊。,1
#90后当教授#强，哥很佩服他。,1
#90后当教授#数学界的天才。,1
#90后当教授#有才！,1
#90后当教授#有才，有德，有何不可？,1
#90后当教授#应试教育下培养出来的傀儡,1
#90后当教授#人才 21世纪最缺的就是人才 值得提倡 有本事不论男女老幼 上到99下到刚会走都可以,1
#90后当教授#校长有远见。,1
#90后当教授#现在的教授 真是越来越不值钱了！！,1
#90后当教授#人才辈出的年代,1
#90后当教授#挺精神的嘛，希望别称书呆子or精神病,1
#90后当教授#太聪明了，一定是神童 /强,1
#90后当教授#好事，不拘一格降人才,1
#90后当教授#很佩服这个小伙子！,1
#90后当教授# /强 /强,1
#90后当教授#挺牛的，希望继续牛下去。。。,1
#90后当教授#牛. /强,1
#90后当教授#支持他，他算是我们九零后的榜样！,1
对于九零后的那几颗老鼠屎，道德我表示排斥！,1
#90后当教授#牛人啊…,1
#90后当教授#挺好的，,1
#90后当教授#有志不在年高！！！,1
#90后当教授#真正有才能的人是可以的,1
#90后当教授#中国需要这样的人才！,1
#90后当教授#像这样的九零后实在是太少了、很不错！,1
#90后当教授#这个不错哦,1
#90后当教授# 太厉害了吧…,1
不得了啊！,1
#90后当教授#有能力 没什么不可以 人才～,1
#90后当教授#好厉害 /强,1
#90后当教授#学无前后，达者为师，佩服。,1
#90后当教授#是个人才,1
#90后当教授#老师早上训了我们一顿话，就把刘路搬出来了，厉害！,1
刘路替你感到自豪，真不知你这一路是怎么走来的，佩服!!!,1
#90后当教授#有才~能人~非一般人不能比的。,1
呵~赞一个先。,1
#90后当教授#真棒！,1
#90后当教授#我们九零后得就是霸气！,1
厉害！,1
#90后当教授#这么厉害~/强,1
#90后当教授#人才/强,1
#90后当教授#相当的牛皮哈,1
#90后当教授#扯得很,1
#90后当教授# lQ也太高了吧，还让我们怎么活啊,1
#90后当教授#佩服那个把人生规纳的如此敞亮的刘路！,1
咱90后的骄傲！,1
#90后当教授#很厉害，哥们佩服,1
#90后当教授#牛奔啊……,1
#90后当教授#多好啊 ，不要挑刺了，祝福他吧,1
#90后当教授#这是实实在在为人类进步作出贡献！,1
祝贺，佩服，崇拜！,1
前途无量，继续努力！,1
/灯笼 /强 /鼓掌,1
#90后当教授#数学之奇才，国家之栋梁，真乃未来之希望，民族之骄傲，华夏一能人也，如此年轻有为志士，国家愈多愈善，则国可强大，华夏亦可繁荣昌盛。,1
#90后当教授#人才，佩服！！！,1
#90后当教授#真是天才啊。,1
#90后当教授#强大的孩子...,1
#90后当教授# 當叫獸！,1
#90后当教授#中国人了不起。,1
/强,1
#90后当教授#青出于蓝胜于蓝，祖国的未来后继有人了，很好呀······,1
#90后当教授#哇，好厉害（切，有什么厉害）,1
#90后当教授#这真不是一般人，数学那玩意，没天分真不行,1
#90后当教授#没办法脑子好,1
#90后当教授#有实力。,1
#90后当教授#真是长江后浪推前浪啊，一浪把他打在教授的位子上。。。,1
#90后当教授#人家有这个水平，不服不行！,1
#90后当教授#只能说是天才,1
#90后当教授#人才￣￣…,1
#90后当教授#如此能人，当之无愧!,1
刘路挺起！,1
#90后当教授#中南大学哗众取宠拔苗助长,1
#90后当教授#后生可畏呀！,1
#90后当教授#真有本事,1
#90后当教授#对呀都是一群傻逼,1
:#90后当教授# 火了 现在牛了 不知道以后会不会也乱搞 是人才是蠢才 以后就知道了 九零后本来就很疯狂 大家又不是不懂,1
#90后当教授#额，榜样啊,1
#90后当教授#嗯嗯，支持支持！,1
#90后当教授#像刘路学习！！！,1
#90后暴打老人# 中国教育的失败很多人都看到了可为什么没人管呢！,1
#90后暴打老人#90后怎么的，你们70，60，50，就好了吗。,1
你们老人活的就，为什么总出现小三，90后最起码活的真实。,1
不虚伪，你们敢么，不敢别站着说话不腰疼，,1
#90后暴打老人#我承认我也是90后;看到这个新闻;真的挺让我震惊的.先是杜甫被恶搞;接着再发生这样的事情;中国5000年的历史文化;到了我们这一代还能剩多少;是传统还是传承?,1
套用本山大叔的一句话:同是生活在一个年代的人.做人的差距怎么这么大呢./撇嘴,1
#90后暴打老人#真是，神马德行,1
#90后暴打老人#也不知道是哪家的畜牲！,1
真TMd遭罪，肯定不得好死,1
小心你们遭报应啊！,1
#90后暴打老人#一群不懂事的傻孩子，现在的社会啥事都有。,1
这些孩子还真是不懂事呀 /抠鼻,1
#90后暴打老人#网络上写的太夸张了吧，他们打架他们不对，你们上传议论就对了吗？,1
#90后暴打老人#操你妈  这两2B  滚出来死,1
#90后暴打老人#人面兽心 /t无语,1
#90后暴打老人# 打得好！,1
有些老头就是不要脸。,1
#90后暴打老人#子不教;父之过,1
#90后暴打老人#太不尊敬老人了.自己也会老.什么90后呀.,1
#90后暴打老人# 应该得到惩罚，没良心的东西，被狗吃了……,1
#90后暴打老人#一天到晚的就是没事瞎得瑟。,1
#90后暴打老人# 就是因为这样的败类，玷污我们90后…………,1
社会的渣子，人性的泯灭、,1
#90后暴打老人#公德丧失！,1
这是教育的失败。,1
#90后暴打老人#教育的失败,1
#90后暴打老人#那些男的太没教养了。,1
#90后暴打老人#太让人心寒了,1
#90后暴打老人#在旁边看的那些人也不是东西 /鄙视,1
#90后暴打老人#丢我们常州人的脸,1
#90后暴打老人#还是人不  还是90后不  真不要脸 装逼个p,1
#90后暴打老人#晚上在电视里看到;90后那人还不觉得他的行为有什么不对;我觉得这点不太好;上学老师还是在家家长没教育好吧?,1
#90后暴打老人#敬重的家长们自己再辛苦也要抽时间多跟孩子交流，学校的那些老师有多少个模范的，还记得中学的政治老师，课堂上满嘴脏话，中国的教师行业该整顿一下了，悲剧的90后成了替罪羊，归根结底家庭学校，社会连一小部分都算不上，与其指责不懂事的孩子不如反思一下中国的青少年怎么了,1
#90后暴打老人#中国人的道德底线已经突破！！！！,1
#90后暴打老人#记得前一阵子看过一段视频，国外的几个持枪抢劫的男青年，被一位白发苍苍的老太太追打，结果抢劫未果，这足矣证明，连抢劫犯都知道尊老爱幼，不欺负弱小，这帮九零后，连流氓都不配当。,1
气愤。,1
肇事孩子父亲致歉，都是父亲惯的！！,1
坑爹啊！！,1
可当教学成绩成为衡量一个学校或者一个老师教学水平高低的标准时，素质教育显得如此的苍白无力。,1
为什么人的诚信度越来越低？,1
这是教育工作者的耻辱！！！,1
#90后暴打老人# 在这个时代里很多人都变成魔鬼了。,1
中国的官员、专家、叫兽和奥巴马一样都不会脸红，可奥巴马是黑人，可你呢？,1
#90后暴打老人#这孩子没救了 /发怒这样的家长也太悲衰了，什么叫老人欺负你家孩子啊，唉只华五千年的美德去那里了，要是现在的90都这样，那以后这社会真的没救了，看着老人的眼泪真的很难过,1
#90后暴打老人#看看中国教出了什么人，教育当以德为先，教书育人当以学会做了为现，不要教一堆败类,1
#90后暴打老人#这绝对不是人所能够干得出来的事，这个90后是一个十足的畜生，这是他对伦理道德的公然挑衅；,1
实在可恶、可恨。,1
没有老来哪有小，人生苦短，殊不知你也有老的一天，现在全社会都在提倡爱护老人、善待老人，可你却敢冒天下之不韪；,1
可谓道德之败坏、人品之恶劣，天地可鉴。,1
#90后暴打老人#真给我们常州人丢人，还是人啊！,1
#90后暴打老人#     现实的社会，现实的主义！,1
#90后暴打老人#这种人就应该去死。,1
#90后暴打老人#尊老爱幼是中华民族的美德，而殴打 辱骂老人却被当作一种炫耀自己本事的行为，令人愤怒，这是多么可耻的行为，这些孩子令人唾弃。,1
太气氛了，如果我在场，我绝对废了他们！,1
#90后暴打老人#我也是90后，这个太给我们90后丢脸了……,1
#90后暴打老人#没人性的社会败类,1
#90后暴打老人#上梁不正下梁歪，世风日下，道歉有个屁用,1
#90后暴打老人#这种人活着浪费空气，死了浪费土地，半死不活浪费RMB！,1
女娲搞嘛捏出这么个人，真是造孽（找捏）啊！,1
#90后暴打老人#这孩子是怎么教育的？,1
#90后暴打老人#中国教育的缺失！,1
“少年强则国强”，有如此的一代，国何以强！,1
#90后暴打老人#此子必杀之,1
#90后暴打老人#  太TM不人道了~社会的人渣 /发怒,1
#90后暴打老人#无法理解 ， 孩子就是孩子 ， 不知是家长没教育好， 还是怎么 .,1
#90后暴打老人#我是中国人.中国政府的口头禅.我们表示强烈谴责.没有其他办法,1
#90后暴打老人#没人性 /发怒,1
#90后暴打老人#国家从开放开始在人与人素质上就失去了理智，干部没有好的形象，教育没有与时代同行，教师没有好的师德，法律没有得到根本转变，法律前不能人人平等，做官大话连篇，当官依仗权贵，有钱欺行霸市，有文化的人糊思乱想，这个社会怎能不变，因为未来在孩子身上体现，如今世道怪谁！,1
#90后暴打老人#支持各位正义之士！,1
鄙视那些黑暗势力！！,1
#90后暴打老人#我认为，教育的不当，制度的不公、道德的 伦丧、信仰的缺失是关链。,1
#90后暴打老人#太 他妈 恶心啦  打不过别人 打老人,1
#90后暴打老人#丢我们90后人的脸,1
你是想火，想出名吧？,1
想出名也不带这么玩的！,1
打老人你就火了，你丫的还暴打老人！,1
#90后暴打老人#他父母是吃槽食的。,1
#90后暴打老人#你简直不是人，会遭报应的,1
#90后暴打老人#可以说这跟道德教育脱边有关，我也遇见很多这样的人，不懂得何为尊重别人，你向他问好，他可以不回答你，自己却做不到,1
#90后暴打老人#社会  彻底变完了,1
#90后暴打老人#  老爷太不自量力了  打不过 就找解决的办法 身体能行么,1
#90后暴打老人#真不是人，丢我们90后的脸 /发怒,1
#90后暴打老人# 丢不丢鸡？,1
#90后暴打老人#虽然俄也是90后，但俄觉得这种行为实在过激了！,1
#90后暴打老人#没心的东西，就是个流氓,1
#90后暴打老人#这几个90后的父母是怎么教的呀，居然还再次威胁老人，还说下次打老太婆？,1
#90后暴打老人#不管谁先动手，对方是老人，他就不该，何况现在讲的是尊老爱老的社会。,1
90后一边说自己不脑残，一边干着脑残的事。,1
#90后暴打老人#这个小子太没教养了，有这么个儿子真是应了那句话，养不教父子过。,1
#90后暴打老人#子不教父之过，反思下自己,1
#90后暴打老人# 简直畜牲都不如,1
#90后暴打老人#就算老人有千错万错，也不应动武。,1
#90后暴打老人#你无耻的样子犹如我年轻时神韵/坏笑,1
#90后暴打老人#打老人，算什么，拳击台上嬴了，哈哈，那才叫英雄呢！,1
#90后暴打老人# 都是刹瓜，老酥都没教,1
#90后暴打老人#打老人是不对的孩子，惩恶扬善，见义勇为才是英雄，好好认个错大家会原谅你的。,1
#90后暴打老人# 脑残……,1
#90后暴打老人#有点损我们啊 丢脸啊  /发怒,1
#六六叫板小三#偶得朋友，不知道你现在几岁，如果已经会懂文字了，这阵子就别上网了，这些大人都是神精病，别去理他们。,1
原配现在的小三真是太猖狂了！,1
#六六叫板小三#破坏别人家庭，变态,1
#六六叫板小三#男人都是吃着碗里看着锅里的，女人的痴心只爱一个。,1
#六六叫板小三#现在这小三怎么都这么嚣张啊，你老公也是干嘛去招惹这种犯贱女Ren，甩都甩不掉，这种事情也不能全怪小三，还是你老公定力不够！,1
不过小三这种东西还是应该严打！,1
强势的女性就是强，她装不出弱。,1
男人是个狗！,1
#六六叫板小三#你老公也是个爱吃腥的猫，别怪第三者，你老公玩够人家了要甩人家谁干呀。,1
坏男人都这样。,1
#六六叫板小三#社会道德的沦落，良心的扭曲。,1
让那些不知廉耻的小三们受训吧！,1
#六六叫板小三#是男的拈花惹草破坏家庭;两个女人却针锋相对;弱智,1
#六六叫板小三#让这两个上天堂去.男人薄情.所以才会有小三.不值得女人付出一片真心.,1
#六六叫板小三#对于这样更不知羞耻的小三儿更要心狠手辣！,1
小三儿本就是个名声狼藉、毁人爱情的第三者，绝对要捍卫自己的爱情自己的家庭，插足别人情感、破坏别人家庭的第三者就该骂之人人扇之！,1
要是没有你老公撑腰她敢这么嚣张么？,1
#六六叫板小三#小三真够下贱的。,1
#六六叫板小三#现在像这种不要脸的女人太多了，这种男人不要也罢！,1
#六六叫板小三#好女人啊！,1
现如今的男人有忠贞的吗？,1
#六六叫板小三#小三有错 你的老公更有错 这样的男人根本就不值得再和他一起生活 女人自己要爱自己,1
#六六叫板小三#她老公真是“男人”,1
#六六叫板小三#平常心，你关心不够，他有魅力，她够贱。,1
真牛！,1
#六六叫板小三#男人都靠不住,1
#六六叫板小三#为了一个无耻的男人还争什么，不管怎么争两个女人都是可悲的，名女人也好平民女人也好学会潇洒的放弃才是最明智的,1
#六六叫板小三#物以稀为贵，男人成“抢手货”啦haha~,1
#六六叫板小三#男人有小三都女逼的老婆话你真窝囊，小三说真老实，老婆说，你就天天喝酒赌博不务真业，小三话，你朋友多，人聪明，天天都玩。…,1
#六六叫板小三#可恨的小三;比小三更可恨的是纵容小三横行的人...,1
#六六叫板小三# 小三固然可耻，但关键还是男人们自己。,1
#六六叫板小三#小三不可怕，可怕的是那些经不住小三诱惑的小瘪三！,1
#六六叫板小三#我支持六六，就凭她能公开放话，这才这是有主见，有自信的女人。,1
#六六叫板小三#六六，你得多伤心啊，为那个男人付出的所有值得吗，坚强的女人支持你。,1
#六六叫板小三#我觉得你真大度，不过你也是也个聪明的女人，如果你老公真爱你，他会知道该怎么做，如果他心不在你这了，留在身边有如何,1
#六六叫板小三#小三怎么那么不知廉耻呢！,1
男人出来做这种事有什么出奇的。,1
#六六叫板小三#说明你魅力不够,1
#六六叫板小三#你老公值得你这样吗？？？,1
#六六叫板小三#现在的小三忒嚣张了…,1
我会把所有财产转我名下，再拆了他俩，然后再踢了那三心二意的男人！,1
#六六叫板小三#做小三可耻＋缺德,1
#六六叫板小三#呵呵，现在的小三不可理喻，原装总比二手的好啊！,1
真痛恨现在的小三！,1
六六加油！,1
#六六叫板小三#见光死的小三永远都是贱人的象征！,1
#六六叫板小三#小三这一直是很普遍、很严肃的问题！,1
#六六叫板小三# 其实说到底就是这个花心的男人，害了两个爱他的女人，只能说两个女人都傻！,1
#六六叫板小三#可耻的小三！,1
我喜欢六六的才气，这么有才的女人也这么可怜吗？,1
作为女人真可怜,1
#六六叫板小三#雷丰繁转播: #六六叫板小三#小三可恨，能有自己的老公可恨吗？,1
#六六叫板小三#说明你老公在长相，金钱，体力方面还是相当不错的，你值得骄傲！！,1
#六六叫板小三#那样的男人不爱也罢！,1
愚蠢！,1
#六六叫板小三#六六的男人很帅还是很有钱？,1
#六六叫板小三# 我是男人，但不得不说男人贱，结婚还乱搞，跟我学学，不结婚不就行了,1
#六六叫板小三#这个小三也真可怜，真傻。,1
#六六叫板小三#老公真欠k,1
#六六叫板小三#那是一个无耻的男人，让爱着自己的两个女人去为他火拼。,1
六六叫板小三太不值了。,1
是有的女人太没脸了。,1
#六六叫板小三#现实有时候远比戏剧更狗血!,1
这样的男人留着有个P用,1
#六六叫板小三#小三不是好人,1
飘落的雪花:#六六叫板小三#现在的小三确实太猖狂。,1
但不管这件事情是谁的错，都应该骂她不要脸，下三滥，自己都不知道珍惜自己，更有甚者把自己拱手送给已婚男人。.,1
#六六叫板小三#这是个物欲横行的社会，人心都不再纯洁，真情难找,1
#六六叫板小三#这女人也太恶心了，就跟电视剧（家产）里的岳小年一样、,1
#六六叫板小三#小三也不容易呀。,1
#六六叫板小三#现在不要脸的女人可真不少，真是开眼呀！,1
周围的同事也有这种人，不管老的少的都有，少的勾引老头，和个N个男人有染，每天都有更新，超爱杀熟，真是天生犯贱，根可能就是贱胚，从骨头逢里瞧不起你，我呸，想要钱，用智慧，别用肉体，你真是比妓女还恶心，小心遭报应,1
#六六叫板小三#不一定每个小三都是为了金钱而去跟有家室的男人  极少部分是 只不过是她把感情寄托在错的人身上了而已  所以下场都是一样的   只能说  女人太笨太傻了,1
#六六叫板小三#把那男的阉了！,1
#六六叫板小三#男人没几个好的 你觉得好的只是还没给你发现而已,1
#六六叫板小三#说句不好听的话，为这样的男人，值得吗？,1
这说明六六还是内心不够强大，如果强大的话，不要争斗，来了就来了，去了就去了，本来就事事无常，时时无常。,1
#六六叫板小三#小三好好的人不做非做贱人。,1
男人总经不起诱惑。,1
#六六叫板小三#干的漂亮！,1
#六六叫板小三#够牛的;呵呵,1
#六六叫板小三#两个字：炒作！,1
#六六叫板小三#小三很可恶，不要脸，不要自己家庭还不让别人家庭好过，简直太过分了，我的老公要有了小三被我发现，我是受不了，什么事情都可以忍唯独这件事不可以,1
#六六叫板小三#两个都不是东西,1
#六六叫板小三#两字：悲壮。,1
只会增长男人嚣张气焰，愚蠢！,1
这种男人还当香饽饽,1
#六六叫板小三#我最讨厌小三，去破坏别人家庭，真是太贱了，世界上男人那么多，为何要去破坏别人家庭，这种人，我要用全世界最肮脏最难听的话来形容那些小三,1
#六六叫板小三#女人不自重，正室也没必要给她留面子。,1
还口口声声说真爱，放屁！,1
也就是现在的社会不允许，我真希望有条法律规定，当小三搞外遇的人，统统枪毙。,1
小三当道，太肮脏。,1
#六六叫板小三#够狠，够胆大，用在某些地方肯定会很快见效。,1
小三，名儿就是一个破坏别人家庭的主。,1
#六六叫板小三#这种男人不要也罢。,1
不直得你去爱。,1
#六六叫板小三#好恨…,1
#六六叫板小三# 看了看，六六老师真欢乐啊，尤其“他爱我多过你”时，我忍不住“噗”了出来……,1
#六六叫板小三#支持，小三不一定都是坏女人，只是不该去抢别人的男人！,1
#六六叫板小三#从六六的字句里，能看到她很会给老公留面子，也抬高了自己，不过有点傻，换做是我，那样的老公坚决休了。,1
小三都是一群没心没肝的一类！,1
#六六叫板小三#小三分两种，一种为爱，一种为钱，不过我个人认为不管是哪种，做小三是不道德的…,1
#六六叫板小三#社会变质了,1
小三够贱的，这样来伤害别人老婆。,1
#六六叫板小三#徒劳的挣扎~  鉴定完毕,1
#六六叫板小三#这2个傻乎乎女人，以男人为中心，真他干爹勒不要脸！,1
小三太狂妄干政，没钱没男人你会死啊？！,1
原配也不要脸，热脸去贴冷屁股！,1
道德缺失。。。,1
#六六叫板小三#当小三还是人吗？,1
#六六叫板小三#都是蠢蛋,1
#六六叫板小三#离婚吧，这种明知故犯的男人不要也罢，女人永远当自强。,1
那小三自会由老天收拾她的。,1
#六六叫板小三#男人就爱犯贱，虽然说男人不坏女人不爱，可你们也别杖着这句话就到处放贱嘛！,1
女人也爱犯贱，谁让她们爱上犯贱的男人了，不知道之前就算了，知道以后还跟他在一起，到最后被伤得遍体鳞伤的时候才哭诉他怎样怎样那就是犯贱！,1
#六六叫板小三#小三固然可恨，但是男人若不是想偷腥，那便也不会有小三。,1
#六六叫板小三#小三有其存在的价值，就像婚姻中感情的试金石，能够让主人家及时排查隐患、检修婚姻，并且意思到不足，从而修身、正气、提升、超越，凡事要客观，虽有伤害却不必太执扭于其中，拿别人的错误惩罚自个不值得，当有一天朋友夸你越来越优秀，气质越来越优雅，回想是不是也有她的促动呢？.,1
#六六叫板小三# 66好样得，披露出来让小三身败名裂，自食恶果。,1
但是你的爱人也有问题吧 /尴尬,1
#六六叫板小三# 《蜗居》影响了很多人，生活就是这么具有戏剧性，自己笔下的小三，竟然成为现实。,1
我们欣赏你的才华，挺你！,1
#六六叫板小三#还算聪明…,1
#六六叫板小三#佩服六六，其实六六是用自己的痛把家里的丑事展现给大家的，这是需要很大的勇气，她已经很出名了不需要炒作，他是在维护自己的家庭，可恶是他的丈夫有本事玩小三缺无能力摆平此事。,1
那个小三你就应该知道自己的下场还叫嚣啥！,1
#六六叫板小三#赞！,1
#六六叫板小三#现在什么社会，好女人太辛苦：上得了厅堂，下得了厨房，开得起好车，买得起好房，斗得过小三，打得过流氓！,1
MD听到“三”我就想骂人，怎么不都让三死光光呢！！！,1
#六六叫板小三#赞同！,1
俺就最鄙视、痛恨那些做小三的娘们！,1
她将自己做好的菜全部的端了出来，她是一个好妻子，一个很好的妻子，温柔，善良，爱他的丈夫#六六叫板小三#←sg6,1
#六六叫板小三#精典！,1
#六六叫板小三#俩个可怜的女人，没有可耻的男人哪有小三?,1
她将自己做好的菜全部的端了出来，她是一个好妻子，一个很好的妻子，温柔，善良，爱他的丈夫#六六叫板小三#←u8l,1
#名古屋市长否认南京大屠杀#这是历史，必须正视。,1
#名古屋市长否认南京大屠杀#日本，你啃屎去吧！,1
#名古屋市长否认南京大屠杀#   他是腆着那张脸来的？？？！！！,1
#名古屋市长否认南京大屠杀#这说明ZF垃圾,1
#名古屋市长否认南京大屠杀#树不要皮，必死无疑，人不要脸，天下无敌！！！,1
#名古屋市长否认南京大屠杀#中国政府不作为！,1
#名古屋市长否认南京大屠杀#傻逼都这么认为,1
#名古屋市长否认南京大屠杀#曆史沒法改變 公道自在人心,1
#名古屋市长否认南京大屠杀#侵越战争本来就和一些恨人一样的，喜欢欺负人，告诉你么把人逼急了，逼急了我们也什么事都做的出来的。,1
#名古屋市长否认南京大屠杀#小日本什么时候说过真话？,1
#名古屋市长否认南京大屠杀#   你给我们30万人杀完了我再告诉你我们没杀 。？,1
#名古屋市长否认南京大屠杀#正常，今天看到报纸我惊了,1
#名古屋市长否认南京大屠杀#狗日本，我擦。,1
很是过分的行为！……,1
#名古屋市长否认南京大屠杀#  你他吗的还不承认,1
狗。,1
#名古屋市长否认南京大屠杀#名古屋市长下台...,1
#名古屋市长否认南京大屠杀#牛哄哄,1
#名古屋市长否认南京大屠杀#日老,1
#名古屋市长否认南京大屠杀#作为一个市长，居然胡言乱语，其实是好事情，我们应该笑，说明日本整体素质，最少高层素质，简直垃圾的一塌糊涂,1
#名古屋市长否认南京大屠杀#地球人都是恶心的。,1
装什么,1
#名古屋市长否认南京大屠杀#畜生啊~~~~~,1
#名古屋市长否认南京大屠杀#小日本就是小日本。。。,1
心眼小的被鄙视。。。,1
#名古屋市长否认南京大屠杀#日她日本人，天天日小日本！,1
#名古屋市长否认南京大屠杀#敢做要敢当啊！！！,1
#名古屋市长否认南京大屠杀#发表下个人小小的意见，小日本，日本鬼子，我奶奶小时候还被你们的一个小日本打过头，这件事至今奶奶都没有忘记，可想而知你们对当时的中国人民的残忍和恶毒，我不知道什么民古屋，也不想知道，我只是想说，南京35万同胞永远在我们的心里长存！！,1
#名古屋市长否认南京大屠杀#去你妹的敢做不敢认 人渣 败类 我诅咒日本,1
#名古屋市长否认南京大屠杀#他说不承认就不承认，凭什么,1
#名古屋市长否认南京大屠杀#狗 /太陽的小日本,1
#名古屋市长否认南京大屠杀#真不要脸，这种人他出生时他妈就没给他脸。,1
#名古屋市长否认南京大屠杀#大和民族是一个没有担当的民族！！,1
#名古屋市长否认南京大屠杀#胡说八道，小心遭雷劈...,1
#名古屋市长否认南京大屠杀#马勒戈壁  狗日的,1
#名古屋市长否认南京大屠杀#为什么做过的事不敢承认！,1
#名古屋市长否认南京大屠杀#对于日本的行为，把我穿越回去吧。。,1
#名古屋市长否认南京大屠杀#把历史拿出来、证据确凿、铁证如山、看他们还敢不敢狡辩。,1
#名古屋市长否认南京大屠杀#讨厌的南京副市长,1
#名古屋市长否认南京大屠杀#怎么能这样，看来日本不是什么善良的国家，地震活该啊,1
#名古屋市长否认南京大屠杀#日本又缺原子弹的安慰了,1
#名古屋市长否认南京大屠杀#日本人 啊呸 。,1
#名古屋市长否认南京大屠杀#  他怎么不否定他自己是日本人呢,1
#名古屋市长否认南京大屠杀#公认无理挑衅 名古屋市长到底要干啥,1
#名古屋市长否认南京大屠杀#历史是不容更改的，日本应该好好忏悔,1
#名古屋市长否认南京大屠杀#小道消息：“名古屋市长否认自己是一个人”,1
#名古屋市长否认南京大屠杀#中国你是不是太没用了，大屠杀人家可以理直气壮的对中国政府说没有，真怀疑你们的国籍是不是日本的,1
#名古屋市长否认南京大屠杀#还是我家狗狗好，咬了人都主动承认的,1
#名古屋市长否认南京大屠杀#和畜生有什么道理好讲的。,1
简直比垃圾还不如……,1
#名古屋市长否认南京大屠杀#  敢做不敢当    鄙视你们,1
#名古屋市长否认南京大屠杀# This is unacceptable.,1
#名古屋市长否认南京大屠杀#他娘的，那次日本地震还没把他们震醒啊，在来一次，他就会承认了，南京人门的冤魂会去找他们的，日本猪,1
#名古屋市长否认南京大屠杀#本性难改啊,1
#名古屋市长否认南京大屠杀#他，应该是不想好了！,1
#名古屋市长否认南京大屠杀#、说这话真不怕被吐沫淹死、,1
#名古屋市长否认南京大屠杀#科学技术是生产力，而且是第一生产力。,1
#彭宇承认撞了南京老太#中国人永远不知道真相,1
#彭宇承认撞了南京老太#官方想转移南京枪击案的视线，无耻。,1
#彭宇承认撞了南京老太#说实话，我不太信！,1
按理说彭宇如果真撞人了，那他也把那个老太扶起来了呀，他就算那个时候说实话也不会怎么样，为什么现在才承认？？？？,1
这件事绝对不是这样，很可能就是南京市政府搞的鬼！！！,1
其实现在问题的关键倒不是彭宇撞人了吗，而是人们为什么不相信法官。,1
难道法院的判决需要当事人再向公众说明吗。,1
写到这，我突然想到了两个成语：画蛇添足、多此一举。,1
#彭宇承认撞了南京老太#难以置信？,1
#彭宇承认撞了南京老太#我看是他们又想搞个和事实不服的真相出来 tm，有必要么？,1
真当网友们傻子啊！,1
#彭宇承认撞了南京老太#有意思吗,1
#彭宇承认撞了南京老太# 如今这个社会，道德沦丧，法律根本没有办法来约束所有的事情！,1
所以恢复人们早已丢掉的道德才是根本的解决办法，可是当前的情况是贫富差距太大，不少人为了生计，为了先富起来，不但丢掉了道德，更践踏了法律的尊严，如果这个事情解决不好，人们就会变得更加的无耻！！！,1
#彭宇承认撞了南京老太#ZF再拿彭宇案说事儿是一种政治手段，为的是引导民众正向思考。,1
如果真相确实如此，那么我对彭宇只有佩服，至于ZF嘛，功过自有时间去评论。,1
#彭宇承认撞了南京老太# 让人愤懑的不是撞人与否的事实，而是判词中对无法判定是否相撞的莫名其妙的推断,1
#彭宇承认撞了南京老太#就四个字——庸官误国,1
社会道德的下滑是有目共睹的。,1
这不是封一个口就恢复的了的。,1
#彭宇承认撞了南京老太#呵呵，欲盖弥彰吧。,1
#彭宇承认撞了南京老太#同情彭宇，做了一件好事，被诬陷不说，还要顶着这么大的压力，好像现在社会风气下滑都是拜他所赐一样， /发怒,1
#彭宇承认撞了南京老太#可怜的孩子，被和谐了,1
#彭宇承认撞了南京老太#我不觉得官方的说法可信，现在官方的可信度太低。,1
我是不信任的,1
#彭宇承认撞了南京老太#完全是政府想安慰老百姓才想出的方法。。。,1
#彭宇承认撞了南京老太#历史是一个任凭人打扮的小姑娘。,1
有这样的警方和法官，道德不滑坡真的很难。,1
#彭宇承认撞了南京老太#这时间来讲这种件事还有意义吗？,1
#彭宇承认撞了南京老太#这个事情都过去这么多年了，可怜了彭宇。,1
#彭宇承认撞了南京老太#要搞些花招出来，重新唤起社会的博爱之心，也不用这样乱写吧？,1
#彭宇承认撞了南京老太#面对政治压力，我觉他是不得已才这样做,1
#彭宇承认撞了南京老太#政府的公正性比不上我家旁边卖菜的大妈！！！,1
#彭宇承认撞了南京老太#1、姓彭的算个什么东西，敢做不敢当。,1
2、要像防疯狗一样防颠倒黑白的媒体。,1
#彭宇承认撞了南京老太#现在这社会只会是鬼还会相信当官的话，不管你信不信，反正我相信了/ /偷笑,1
#彭宇承认撞了南京老太#这个社会，我们该信谁呢？,1
#彭宇承认撞了南京老太#这就是政治家们的手段啊，只要有时间，黑的都能洗成白的。,1
#彭宇承认撞了南京老太#疑点重重啊，你承认撞人就真撞人了吗？,1
现在倒好，被撞的家属不急，撞人滴站出来了。,1
您不觉得如果果真是您撞人滴话，2审您会是那个简单滴结果吗。,1
/阴险/勾引/差劲,1
#彭宇承认撞了南京老太#这黑的怎么说白就白了呢！,1
#彭宇承认撞了南京老太#现在才说，谁信啊,1
#彭宇承认撞了南京老太#就记得法官那一句“不是你撞的你干嘛去扶”，连同着“不管你信不信我反正是信了”名列屎册了！,1
#彭宇承认撞了南京老太#刘书记你说的比铁道部的还真,1
#彭宇承认撞了南京老太#南京政法委成事不足败事有余，就会拿无辜者开刀,1
#彭宇承认撞了南京老太#真是好无力的辩白…,1
当代执政者的智商都长在争权夺势上了……,1
#彭宇承认撞了南京老太#TM胡扯，要是zf不出面，这事肯定结不了,1
#彭宇承认撞了南京老太#真真假假，傻傻分不清楚！,1
#彭宇承认撞了南京老太#有权有钱就是好，说翻就翻，世态炎凉，人心冷漠，做好事 要慎重！,1
#彭宇承认撞了南京老太#真假只有天知道。。。,1
#彭宇承认撞了南京老太# 我X，期末考试语文作文我借此题材冒着被半夜查水表的风险歌颂了彭宇大骂了天朝，没想到你丫的，，，自己抽了自己一嘴巴子！,1
#彭宇承认撞了南京老太#收了多少钱?,1
#彭宇承认撞了南京老太#  南京市政法委书记告诉了全国人民，谁做好事，谁是彭宇！,1
#彭宇承认撞了南京老太#主要还是媒体舆论的加油添醋歪曲了实事的真相。,1
#彭宇承认撞了南京老太#诚信，我们这个和谐社会的每个人都要有诚信,1
#彭宇承认撞了南京老太#那老太都不在了~~~小题大做,1
#彭宇承认撞了南京老太#就算当年真相是这样，影响如此深远的事件，五年之后才公布真相，你们这帮搞司法的脑袋都抽抽了吗？,1
#彭宇承认撞了南京老太#现在是一个混淆视听的社会，在这样一个环境里面作为普通的公众我们该相信谁？？？,1
#彭宇承认撞了南京老太# 到这个时候，已经无所谓相信不相信曾经有没有撞过了。,1
不可否认的是给国人造成了巨大的破坏性影响，而且一直在持续。,1
#彭宇承认撞了南京老太#真是荒唐,1
#彭宇承认撞了南京老太#误读不是重要的，关键是有意无意的误读，给自己冷漠制造了一个又一个的借口。,1
#彭宇承认撞了南京老太#让国人愤怒和不敢再做好事的是法官那句脑残的话·要不是你撞她·你为什么要扶她！,1
#彭宇承认撞了南京老太#承认跟不承认 根本没有区别了,1
#彭宇承认撞了南京老太#彭宇案已经不再是个案子了 而是中国人道德损失的标志了，即使现在官方宣布彭宇承认撞了老太，但社会上已经出现了多少种类似彭宇的案子了,1
#彭宇承认撞了南京老太#南京市政法委书记刘志伟  我希望你不要出什么事啊  否则你就是典型的蛇鼠一窝,1
#彭宇承认撞了南京老太#不知真假,1
#彭宇承认撞了南京老太#真是人言可谓，把大家搞糊了,1
#彭宇承认撞了南京老太#为什么俺们这地的政法委书记让俺感到一阵阵的冷呢？？,1
#彭宇承认撞了南京老太#不管你信了不信，反正我不信。,1
#彭宇承认撞了南京老太#这都什么社会风气！,1
#彭宇承认撞了南京老太#政府公信力的缺失和公民道德的滑坡不是靠你们对以前标杆性的案件进行重审就能解决的，别再玩儿这些小把戏了..很丢人的...,1
#彭宇承认撞了南京老太#刘大人应该再补上一句“不管你信不信，我反正是信了”,1
#彭宇承认撞了南京老太#事实是道德严重下滑，下滑幅度不是一般二般，现在好多父母官把“赚多少钱”、“包养多少小三”等等作为自己的奋斗目标。。。。。。,1
#彭宇承认撞了南京老太#和谐社会你们懂的、、、不解释,1
#彭宇承认撞了南京老太#真相很挫，很恐怖,1
彭宇案只是对人们道德达到低谷，现在无论是真的撞到还假的撞到，很多人说的轻松，会去扶，真的发生了又能有几个人敢去扶。,1
人们的思想道德要从头开始学习。,1
#彭宇承认撞了南京老太#就凭这条新闻不能评论大家就知道是怎么回事了！,1
继续编故事吧！,1
和谐社会！,1
#彭宇承认撞了南京老太# 切~中国的黑暗面果然就是那样啊，谁知道政府给彭宇施加了多少的压力，让他不得不承认这个真相呢？？,1
现在都已经对社会造成了一定的影响，真想问问翻案有用吗？？？,1
#彭宇承认撞了南京老太#承认就好，表示名字相差不大有点蛋疼,1
#彭宇承认撞了南京老太#      “此地无银三百两”，政权公信荡然无存！,1
#彭宇承认撞了南京老太#至于你信不信反正我是不信！！,1
现在这个ZF的做法已经到了令人发指的地步了！！,1
#彭宇承认撞了南京老太#  有人真的死不要脸了.....,1
#苹果封杀360#我一直在用360挺好的,1
#苹果封杀360#赞成！,1
#苹果封杀360#这类事情应该很无聊了……,1
不过挺支持这款软件的。,1
#苹果封杀360# 本身也不看好360的领导人。,1
我觉得360挺好的，操作方便，不收费，我也没什么值得让它窃取的，继续用,1
#苹果封杀360#我一直支持360   上次和QQ互攻时  我直截把QQ给卸了0。,1
#苹果封杀360#电脑360用户表示360还不错，反正我没用苹果，苹果爱封360就封吧。,1
#苹果封杀360#什么破苹果，除了牌子值点钱，还有哪点好。。。,1
360加油，没你不行。,1
#苹果封杀360#从这看来360以后不能用了,1
#苹果封杀360#客观的说360肯定有猫腻，不过苹果正确的做法应该是警告360做好本分，而不是一刀切，想来360做基于苹果系统的应用也是下一番功夫的，一个改正的机会都不给就扫地出门着实可怜。,1
苹果向来骄横，与运营商供应商渠道商的交往可见一斑。,1
虽然有骄横的资本，但是长此以往必出问题。,1
#苹果封杀360#金山和腾讯在看360的笑话.支持360!!!,1
鄙视汉奸,1
#苹果封杀360# /红旗一直在纠结，我现在就用360，不过感觉上我不是很喜欢它！,1
#苹果封杀360#360就一个贱B,1
#苹果封杀360#从来不用手机360 电脑端的还好啊 安全卫士和浏览器都做的不错,1
#苹果封杀360#这种战场最狠，杀人不见血的，没有什么的绝对，用过后就了解，如何选择。。,1
#苹果封杀360#什么样的人做什么样的事，你看360的老板周鸿祎本来做流氓软件出身的，本来以为他已经改邪归正了，谁知道他狗改不了吃屎，还是用这种下三烂的手段来获利，封杀吧！,1
反正我早就不用360了！！！,1
#苹果封杀360#国人的悲哀,1
#苹果封杀360#360挺好的，我支持,1
#苹果封杀360#只怪360太嚣张了 该给点教训,1
#苹果封杀360#永远支持360。,1
只是苹果伤不起阿…,1
鄙视,1
#苹果封杀360#360真可怜，先是被瑞星冤，再到腾讯和金山，现在苹果也加入了，下个到谁了,1
#苹果封杀360#和QQ的硝烟熄灭了，现在和苹果的硝烟又起了，360真悲剧！,1
#苹果封杀360#360找死吧，奇虎这是怎么了,1
#苹果封杀360# 哈哈哈 鼓掌  大快人心 /鼓掌,1
#苹果封杀360#我不喜欢苹果，但更讨厌360。,1
#苹果封杀360#支持360，抵制外国侵越者！,1
#苹果封杀360#361也不错。,1
#苹果封杀360#对于360我不得不说好了。,1
多好的软件。,1
对于外国货大家都应该考虑考虑了。,1
#苹果封杀360#不反对商业竞争，但请你的手段别被普通受众反感,1
#苹果封杀360#苹果太个性了。。。,1
支持360。。,1
说实话苹果确实很多方面都限制很多,1
#苹果封杀360# 我封杀苹果 /呲牙,1
刚刚在360官网看到的 支持360 因为是免费的 嘎嘎,1
如果不是就\'坚决支持36O！,1
#苹果封杀360#三六零挺不错滴,1
#苹果封杀360#360，从正义上，我挺你，跟外国佬干到底，干死逼养的外国人。,1
但是从道德上我就要批评你了，以后别给他妈外国人用你的软件了，人家伤不起，咱也丢不起人呐。。,1
#苹果封杀360#为什么臭名昭著的流氓软件360有这么多粉丝。,1
#苹果封杀360#不想用烂苹果,1
#苹果封杀360#狗日的腾讯也不是什么好东西，戴有色眼镜看360。,1
/鼓掌#苹果封杀360#就是应该的   360不是一般的垃圾！,1
#苹果封杀360#360这种流氓公司 就该倒闭,1
#苹果封杀360# 真不是好东西，无良的公司，坚决不买它的产品。,1
#苹果封杀360#苹果有啥好，这么贵。,1
#苹果封杀360#不用苹果，苹果垃圾！,1
安卓万岁,1
#苹果封杀360#360可怜，国人可怜，我支持360，我不想360被踢出市场，我不能让市场被掌握在外国人手里，虽然我不用360，但我不能看360被欺，想想，360和腾迅斗，腾迅为了赢360搞出个管家加速，360我支持你，你是中国人的精神！,1
#苹果封杀360#这种窃取别人隐私的行为是犯罪的，如果属实，360的法人代表应该该承担法律责任！,1
#苹果封杀360#支持360  苹果如网友说的确实是为咯显摆  有钱也别买  诺基亚挺好的 我就准备。。。,1
还有腾讯全TM盗版,1
#苹果封杀360#360真实狗改不了吃屎，还好我一直信赖金山，360啊，你是不见棺材不落泪啊，苹果这么上千亿市值的公司应该不会说谎来封杀360，360真的犯天条了，@3 @3,1
#苹果封杀360#反正坚决不用金山软件产品，趁火打劫。,1
360已经很好了,1
#苹果封杀360#我讨厌苹果，,1
#苹果封杀360#360太烂了，早就知道它盗取用户密码，早该这样了……,1
#苹果封杀360#360真是有种攀龙附凤的感觉。,1
支持360,1
#苹果封杀360#360是流氓软件。,1
不能卸载,1
#苹果封杀360# 支持360！,1
你们看到了360的坏，好你们看到了没？,1
我觉得哪个杀毒软件也不如360。,1
支持。,1
#苹果封杀360#支持360，背后肯定有隐情,1
#苹果封杀360#鬼才用那烂苹果，还那么贵！,1
360多好，免费！,1
#苹果封杀360#360还可以！,1
#苹果封杀360#360不收费，出问题用着我也爽，腾讯至少坑了爷四万块在游戏上，游戏一星期一小更，一个月一大更，投资半个月连0头都收不回。,1
#苹果封杀360#最讨厌360了，，一会儿和QQ闹矛盾，一会儿又这样，烦死了,1
#苹果封杀360#360挺好的！,1
又免费！,1
#苹果封杀360#我就最讨厌360了，赶快去死吧！,1
#苹果封杀360#还可以啊 /惊讶,1
#苹果封杀360#360真是个悲剧。,1
#苹果封杀360#是啊，360也就一般般,1
#苹果封杀360#支持国产，支持360，不过iPhone真的很牛 /发怒,1
#苹果封杀360#360除了某些时候神经电，但360还算不错吧？,1
金山那些才是垃圾.,1
#苹果封杀360#苹果垃圾产品，支持360,1
#苹果封杀360#苹果现在怎么烂成这样。,1
抵制苹果,1
#苹果封杀360#必须要封杀360！,1
#苹果封杀360#支持360.起码比NB的腾讯好。,1
#苹果封杀360#感觉360确实不行，每次杀毒he没杀一样。,1
清理垃圾也一样。,1
弄不农没神马很大感觉/哈欠,1
#苹果封杀360#我一直没觉得苹果有什么好~有这么多人花了这么多钱买个死贵的苹果,1
#苹果封杀360#外国的垃圾到中国都是宝贝！,1
支持360，我觉得很好用啊！,1
#苹果封杀360#我喜欢的是诺基亚，用的也是诺基亚。,1
#苹果封杀360#不管杂样，支持360,1
#苹果封杀360#支持360，其实360挺好用的,1
#苹果封杀360#支持360！,1
#苹果封杀360# 支持360！,1
把苹果赶出中国！,1
#苹果封杀360#360好悲催…,1
#苹果封杀360#支持国产！！！,1
苹果有什么了不起。,1
#苹果封杀360#废话不说了，支持360，支持祖国，反对美国佬！！！！,1
是中国人的  支持360,1
#苹果封杀360#国人挺国货！,1
力挺360 、苹果算个p 咱中国 也能 造出 比他们更好的手机！！,1
#苹果封杀360# 支持360    啥子苹果  送劳资都不要 垃圾一个鄙视 就不能低调点 中国人整天打着爱国的旗号 满大街的 本田 丰田汽车 用着苹果手机 唉,1
#苹果封杀360#我还是比较支持360的！,1
#皮鞋果冻#真恶心，我不吃果冻 /阴险,1
#皮鞋果冻#我以后也不吃了，恶心。,1
#皮鞋果冻#看着就恶心  转载出门捡钱。,1
利益所驱下，智慧真是无穷！,1
讽刺啊！,1
#皮鞋果冻#以前敢吃，现在不敢吃了，想想都好恶心,1
#皮鞋果冻#中国人都百毒不侵了,1
实在无语...,1
奸商太多...,1
以后绝不吃，太恐怖了！,1
#皮鞋果冻#科技的发展，任何糟粕都能“提炼“精华，这种提炼实在让人后怕！！！,1
#皮鞋果冻#无限坑啊。。,1
#皮鞋果冻#赚钱要凭良心、、、,1
#皮鞋果冻#还好我不喜欢，不过小孩子不都喜欢果冻吗，真是太缺德了！,1
商人真的很伤人？！,1
#皮鞋果冻#社会的浮躁没有人管吗,1
#皮鞋果冻# /发怒很多企业家为什么都是这样,1
#皮鞋果冻#可恶的商家只顾赚钱,1
#皮鞋果冻#太恐怖了，現在什麼東西還能吃,1
#皮鞋果冻#好脏好脏。。。,1
#皮鞋果冻#现在的商人真的是太黑了，想想这些东西是小孩最喜欢的，可能你自己家也有小孩吧，想想如果给你自己的小孩吃了会怎样，请你们换过立场来想想。。。。。,1
#皮鞋果冻#恶心、。,1
#皮鞋果冻#不大喜欢吃果冻，没想到那么坑爹,1
#皮鞋果冻#太吓人了，现在还有能让我们放心吃的食品吗？,1
#皮鞋果冻#天啊，好恐怖、,1
#皮鞋果冻#只会坑自己人，中国人！,1
#皮鞋果冻#危言耸听。。。,1
#皮鞋果冻#我说俩字啊，这就是‘坑爹’啊！,1
#皮鞋果冻#这么恐怖 还好基本不吃,1
#皮鞋果冻#听了都恶心,1
#皮鞋果冻#难道这么可怕么？,1
现在这东西质量太差啦~貌似我不爱吃这个玩意呢，呵呵。,1
#皮鞋果冻#好可怕啊……,1
中国人就是三流民众，烂泥扶不上墙了！,1
#皮鞋果冻#恶心了恶心死了,1
#皮鞋果冻#太坑爹了把！,1
#皮鞋果冻#现在的商家为了利润，也是不择手段，没有职业道德。,1
愿意吃果冻是真的  这个皮鞋果冻 让我心寒啊 怎么现在的东西还能吃吗？,1
#皮鞋果冻#如此猖獗，应积极打击,1
黑心的厂家啊,1
#皮鞋果冻#大多都是小孩子喜欢吃，真是坑人呀！！！,1
#皮鞋果冻#好恐怖呀 /惊恐/,1
#皮鞋果冻#真够恶心了,1
太恶心了，我不吃啊！！,1
#皮鞋果冻#中国越来越腐败了,1
#皮鞋果冻#  额 太恶心了,1
#皮鞋果冻#中国的食品还有多少是真正能放心吃的……,1
#皮鞋果冻#真是坑爹啊！,1
#皮鞋果冻#中国就是这样的，改变不了。,1
#皮鞋果冻#中国人早已经百毒不侵了，小 case !,1
#皮鞋果冻#内幕很可怕··,1
我们真可怜。,1
#皮鞋果冻#太令人作呕了。,1
人心咋变得这么坏？,1
#皮鞋果冻#好恐怖~~(╯﹏╰)~~,1
#皮鞋果冻#中国的食品商真是厉害,1
丑闻层出不绝，恶行愈演愈烈，为维稳却不惜一切代价。,1
你拿老百姓当忍者神龟，老百姓就拿你当王八蛋！,1
#皮鞋果冻#食品安全真是个问题哦，很痛心！,1
#皮鞋果冻# /惊恐可怕，还好狠小吃~,1
#皮鞋果冻#媒体就喜欢把事情扭曲夸大，其实没那么恐怖。,1
不过我们国家的食品安全确实要加大力度,1
#皮鞋果冻#什么都有内幕还有什么是放心的,1
#皮鞋果冻#恶心~这么脏了   /抠鼻...,1
#皮鞋果冻#中国人还有啥不敢吃，啥都吃过 瞪眼,1
#皮鞋果冻# /惊恐 /惊恐 /惊恐,1
#皮鞋果冻#这些坑爹的商家，逮住应该枪毙！,1
食品问题太多了，见怪不怪了。。,1
#皮鞋果冻#呵呵   真可笑  什么事情都有！！,1
#皮鞋果冻#奶粉都不安全，还怕啥，我们早就百毒不 清了,1
#皮鞋果冻#恶ˊ偶不敢吃ˊ,1
#皮鞋果冻#好恐怖啊 以后不吃了,1
#皮鞋果冻#如今些制造商良心已被钱焚烧了，都是坑害人的食品。,1
#皮鞋果冻#挺起来就恶心，肯定不敢吃。,1
#皮鞋果冻#赵普这个话题也太不靠谱了吧。,1
有点常识好不好。,1
#皮鞋果冻#JS有点良心吧,1
#皮鞋果冻#这样的食品不放心,1
#皮鞋果冻#不是把好可怕 /困,1
#皮鞋果冻#黑心的厂家，骗人民的血汗钱，不怕现世报吗？,1
#皮鞋果冻#中国人堕落了，丧失了良心，责任，这是改革开放后，经济发展后由于信仰的丧失带来的恶果,1
#皮鞋果冻#现在这社会，什么都不敢吃了。,1
= 太蛋疼了,1
#皮鞋果冻#早有耳闻，甚觉恶心！,1
这个社会为了钱什么事不能干？,1
你还有良心吗？,1
#皮鞋果冻# /炸弹坑人的商家不可生存 /弱,1
#皮鞋果冻#好可怕呀 /骷髅,1
#皮鞋果冻#食品都还是存在一些问题的,1
#皮鞋果冻# /惊恐就这样的中国企业能走向世界？！,1
#皮鞋果冻#恐怖啊恐怖，谁敢吃啊？,1
#皮鞋果冻#原生态的才好哇,1
阵恶心。。,1
不说还不知道，幸好我特少吃这个，看了真让人心寒啊！,1
做这种食品的你们还有没有良心啊！,1
#皮鞋果冻#坑爹的。,1
#皮鞋果冻#吃什么食品都不放心啊，还让人活不，这是什么世道，食品安全监管部门都睡大觉了吗？,1
#皮鞋果冻#明知道还吃，那是SB,1
#皮鞋果冻#神马鸡巴社会？,1
可怜的中国，可怜的人民~~~~~~,1
#皮鞋果冻#  这么恶心， 我连看都不要看哩~,1
#皮鞋果冻#吃的是傻瓜。,1
#皮鞋果冻# 在中国，要养成什么都能吃，什么都不怕吃的习惯，哪样东西有问题，要主动去吃，大胆去吃，出了问题的东西会变成放心食品，只有那么不出问题的，才更让人不放心。,1
在我们国家，大家习惯就好，中国人是吃不死的民族，体质好着呢?,1
#皮鞋果冻#经济观察报调查新闻部记者朱文强发微博称，央视员工爆料，现在的果冻和酸奶存在很严重的食品安全问题，“哪天你们扔了双破皮鞋，转眼就进你们肚子了”~~,1
#皮鞋果冻# 在中国，要养成什么都能吃，什么都不怕吃的习惯，哪样东西有问题，要主动去吃，大胆去吃，出了问题的东西会变成放心食品，只有那么不出问题的，才更让人不放心。,1
在我们国家，大家习惯就好，中国人是吃不死的民族，体质好着呢?,1
#皮鞋果冻#黑心的企业家应该拉出去斩了……,1
#皮鞋果冻# /心碎忒可拍了！,1
#皮鞋果冻#难以相信。。。,1
#皮鞋果冻#我们都很坚强@66,1
#皮鞋果冻#现在的食品真是越来越不敢吃了,1
#三亚春节宰客#其实阳江也挺能宰的,1
#三亚春节宰客#社会就是这么黑暗啊,1
#三亚春节宰客#三亚导游太黑了,1
#三亚春节宰客#T三亚就是你妈一群狗！,1
没有大陆的农产业，你们都等着饿死吧！,1
吃海鲜吃死你..,1
海南整体还是黑店、黑车、黑价、黑心多。,1
#三亚春节宰客#温家宝说，中国是一个主持正义、负责任的国家。,1
我们相信你们是热情友好的。,1
包庇，纵容那样的行为更加可耻！,1
#三亚春节宰客#海南岛工商部门给力威武。,1
#三亚春节宰客#公款消费推高三亚宰客风   估计这个成分大  咋们普通老百姓 才不会去花这个冤枉钱 能看海的地方 又不光指三亚一个地方 制度差 管理差 诚信差,1
一个来了就不想再来的地方,1
世风日下，人心不古，特别是一些行政部门和官员，素质如此低下，真的无语了。,1
#三亚春节宰客#多带点方便面就完事了,1
#三亚春节宰客# 三亚宰客恶名早已有之，之所以一而再，再而三。,1
况且去三亚私人别墅没有，连个系统内的疗养院、干休所也没有的，分明没根儿、没背景嘛！,1
#三亚春节宰客#该宰，谁让这些家伙得瑟了，大过年的不在家团圆,1
#三亚春节宰客#哎，社会进步太快了！！！,1
#三亚春节宰客#    旅游市场混乱，绝不是一天两天了，政府相关部门在干什么？,1
视而不见？,1
#三亚春节宰客#三亚对中国的贡献很大.拉高了房价,1
#三亚春节宰客# 坑爹！,1
2、另一方面三亚的大多海鲜经营者多少都存在着宰客现象，真是鼠目寸光啊！,1
原来也不是这样呀，真真是利益熏心啊！,1
中国这么多群众的眼睛是雪亮的！,1
三亚的消费不但乱开高价，服务也很烂！,1
#三亚春节宰客#就个人而言，我到过好多次三亚，三亚的本地居民是纯朴老实的，关键是政府的管理太差，政府官员水平太太差,1
#三亚春节宰客# 仅有一个人的道歉是不够的，相关人员都应该来道歉！,1
个人认为那边的民众整体素质与政府的管理能力就是如此。,1
#三亚春节宰客#海南商人在海南太屈才了   国家应该把他们派到钓鱼岛去宰小日本  挣外汇 /呲牙,1
应该去测测智商了！,1
我也不想多说了喽，总之无奸不商瓦，他们没有教养，但是我们总不能和他们一样瓦，,1
#三亚春节宰客#哪都有宰客现象不能一棍子打死，不过三亚确实是个好地方,1
#三亚春节宰客#一个穷怕了的地方，那海南，那海南人，还打人，没钱没素质，赶紧闹分裂吧，要不都没脸在说自己是中国的。,1
#三亚春节宰客#这属于敲炸以处范法律,1
#三亚春节宰客#正常现象，全国各地到处都是，旅游就是骗钱的，游人甘心被骗,1
#三亚春节宰客#南方人永远没有北方人地道、耿直、。,1
#三亚春节宰客#又难吃又贵，坑爹。。。。。。。。。,1
#三亚春节宰客#这事件从市府再到职能部门，就缺少诚意哈,1
#三亚春节宰客#令人向往的旅游圣地，原来也有这么令人激愤的恶劣事件！,1
朋友们，还是别去三亚那破地方了，去祖国的首都北京都比三亚强！,1
#三亚春节宰客#坑爹的三亚，应该把它从地球上抹掉。,1
#三亚春节宰客#三亚啊伤不起啊,1
#三亚春节宰客#海南的旅游市场尚未成熟！,1
许多地方还存在不足！,1
不要害怕问题，也不要躲避问题，能够做的就是直面问题，相信海南的明天更美好，也希望各位多多的为海南提出宝贵的意见不论是游客或者本地人,1
工商局的，旅游局的局长门，你们先检讨，这么多年瞎眼了吗？,1
#三亚春节宰客#三亚政府坑爹呀 欺骗老百姓 美丽的海岛。。。。,1
#三亚春节宰客#奸商是消費者慣的，我就不信，斜能压正，坏人能永远猖狂。,1
地球人都知道，现在这个扯淡的中国！,1
三亚还在打官腔，太可恨。,1
#三亚春节宰客#不光三亚，很多旅游地方都是民风一点不纯朴。,1
#三亚春节宰客#国际旅游岛刚刚起步就先骗自家人，以后外宾谁还敢来？,1
#三亚春节宰客#如果这样不算宰客，那三亚以后真没人去了，三亚就不是旅游地，而是鸟不拉屎的地方了……,1
#三亚春节宰客#我看了报道、真不像话,1
海南给人的印象真的极差，政府不去反思改进，还说别人恶意中伤，三亚的宣传官员该换人了！！！,1
用自己的无知来威胁、伤害游客，这样地区的经济很快就玩完了.,1
#三亚春节宰客# 国际旅游岛这些事儿 别真的整成了 不去遗憾终生 去了终生遗憾,1
#三亚春节宰客# 是地方政府相关部门不作为，或者是利益勾结等原因造成的。,1
#三亚春节宰客#三亚是个好地方就是管理太差。,1
#三亚春节宰客#政府屁话 你不签字无赖会让你走吗！,1
#三亚春节宰客#自欺欺人吧，以后没人愿意去那个地方了，垃圾一样的地方。,1
#三亚春节宰客#官方的回应 很失望,1
#三亚春节宰客#面对证据三亚官员居然还能振振有辞，岂非咄咄怪事？,1
三亚宰客已经是闻名全国了，从住宿到餐饮再到景点，一条龙服务，官员接到投诉首先想到的不是为消费者解决问题，而是千方百计推卸责任，当消费者伤不起的时候，也就是三亚旅游业大萧条的时候，看看最后伤不起的是谁？,1
#三亚春节宰客#S.B都知道三亞政府是騙人的,1
#三亚春节宰客#海南的导游很没道德，有一次跟团，老是拉我们去导物点，不停地劝说我们消费，然后拿回扣！,1
#三亚春节宰客#海南岛的南蛮子！,1
有些地方是比较黑…,1
他们可能是快穷疯了，简直就是在抢。,1
那些刁民！,1
#三亚春节宰客#何止三亚，全国的旅游市场都应该整顿！,1
#三亚春节宰客#如果三亚工商局这样轻率表态地话，这个市的工商局长要下课，部要整顿了！,1
一个不值得去的地方。,1
#三亚春节宰客#这样吧 大家说没用 用行动表示抗议 以后打死不去三亚玩 中国有那么多好地方 为什么要一个坑钱又假的地方   得让他们尝尝后果,1
#三亚春节宰客#其实宰人的地方太落了，只不过你三亚也宰的太恨了吧，简直比黑店还黑。,1
#三亚春节宰客#宰客全国都有且愈演愈烈 令人担忧 我们国家的商人已经失去了最基本的诚信 和谐啊和谐 任重而道远啊,1
#三亚春节宰客#三亚宰客行为屡见不鲜,1
#三亚春节宰客#海南海岸线的自然风景和空气非常好。,1
但是，海南旅游环境非常污浊，鱼龙混杂，黑白勾结，明枪暗夺，敲诈没商量，这是海南的顽症。,1
#三亚春节宰客#懒得去那里玩，坑爹！,1
#三亚春节宰客#三亚这地方我去年又去过一次，的确是畸形消费，尤其是酒店业和餐饮，那就是一个字，宰！！！,1
三亚的工商和行政都是为地方服务的，他们能闭只眼就闭只眼，所以才滋生了这些不法商贩，从根本上来说，就是三亚的地方政府行政不着为。,1
管理还有很多地方需要更进,1
#三亚春节宰客# 太黑了，和谐社会就这样,1
#三亚春节宰客# 上次去还行，就是吃饭贵的离谱。,1
海南的政府及相关职能部门应负主要责任。,1
#三亚春节宰客#去海南旅游者都是胆大客，海口 三亚都宰客，宰客也不是今天才有更不是偶然发生，官方公布的所谓投诉电话不是忙音就是没人接即使通了你得到的也是吱吱呀。,1
#三亚春节宰客# 说白了 那就是政府在 充当保护伞罢了 我就不信 都那么多年了 当地政府 就真不知道 ，当地政府都当 旅客是SB 呢 ，想这种情况去一次，还想去第二次的哪些人就是棒槌 活该你被宰,1
#三亚春节宰客#我们的三亚之旅就几乎没有吃到任何特色的东西，最后没办法，吃的KFC，悲剧啊。,1
#三亚春节宰客#三亚很美丽的地方,1
#三亚春节宰客#宰客太可恨,1
#三亚春节宰客# 风景很美 管理很烂 吃海鲜挨宰.住店挨宰.买旅游商品挨宰.流氓的城市.骗子的天堂--------三亚,1
#三亚春节宰客#你们就是贱,1
工商真是站着说话不腰疼，你签一个试试？,1
#三亚春节宰客#海南的旅游市场是非常不规范的，宰客情况特别多。,1
#三亚春节宰客#看看微博，不仅宰客，三亚那个地方，凶险,1
#三亚春节宰客#对现在的政府部门工作人员不作为感到寒心.,1
#三亚春节宰客#公交车司机问我三亚好不好，我说三亚人民非常好，比如你（公交车司机和售票员）就好。,1
但是一走进景点，就不好了。,1
里面几乎没一个好人。,1
走在大街上，就好。,1
#三亚春节宰客#三亚的政府真正的强悍啊！,1
#三亚春节宰客#海南的风光很美，但是但是旅游服务设施令人心寒，宰客的现象确实有，光是照片不知不觉被照了N遍，借此要你买单。,1
#三亚春节宰客#什么玩意 一帮垃圾  我们东北比他们强多了 看不惯 他们三亚装B,1
#三亚春节宰客#说零投诉简直就是自欺欺人 这种行为不仅仅该停顿整业 该追究欺诈抢劫等众多刑事责任 我们可以清楚的理解 三亚的风光是有的 三亚的监督部门是不负责任的 这里拥有众多没有诚信的商家 看三亚相关部门无动于衷和不负责任乱搞声明 奉劝大家一定慎重考虑是否要去三亚看风光与感受被宰同时享受,1
感觉三亚在环境建设还是景区管理上都有较大的改观，但还存着明显的不足，如：出租车司机拒载，拿回扣；,1
旅游团餐质量差；,1
都是较为普遍的现象，希望三亚市政府加大整治力度，使三亚如她的美丽风光一样让人流连忘返。,1
#三亚春节宰客#只求一些人别没事情在那里装那个B，素质点说话可好，宰客我们海南本地人也不喜欢，而起多起都是内地人自己宰你们的，所以评论归评论，为什么一定要带我们三亚人进去，我们有做错什么，难道你们各个地方没有这种事情？,1
现在ZF真他妈狗血！,1
#三亚春节宰客#三亚宰客是多少年的顽症，去过三亚的人都知道，只有当地政府管理部门在那儿视而不见、装聋作哑！,1
#三亚春节宰客#三亚不黑，三亚政府不黑；,1
#三亚春节宰客# 三亚就是黑,1
#三亚春节宰客#   三亚工商部门肯定有问题！,1
不然，那些害群之马能那么嚣张？？,1
他们监管了什么？？,1
#三亚春节宰客#政府一群狗屎,1
/鄙視三亚政府鄙視#三亚春节宰客#,1
#三亚春节宰客#领导您可真幽默，您店里前门都是壮汉门童服务员，后厨全是菜刀，岂止是在菜单上签字，您就是让人按手印卖身，都能有一打卖身契呢。,1
#三亚春节宰客#在目前中国社会的大环境下，人已经缺少良知，商家在一个优越的环境下不宰客，可能吗。？,1
#食用油涨价##油你涨#政府就他妈知道坑百姓手里的辛苦钱~~~,1
#食用油涨价##油你涨#活不下去了,1
#食用油涨价#涨吧，反正倒霉的是老百姓，没人管我们的死活。,1
#食用油涨价#在暗无天日的狱中，,1
#食用油涨价#无可奈何，非吃不可，百姓哀哉,1
#食用油涨价##油你涨#天啊  咋过啊,1
#食用油涨价#老百姓吃也吃不起了。。。。。,1
#食用油涨价##油你涨#都涨吧    伤不起,1
#食用油涨价#我倍感身心疲惫。,1
#食用油涨价##油你涨#都是汽柴油惹的祸啊,1
#食用油涨价#这个世界只有空气不会涨价！,1
#食用油涨价##油你涨#涨价是发展国民经济的重要手段,1
#食用油涨价##油你涨#无论怎么弄，倒霉的总是老百姓,1
#食用油涨价#好郁闷   刚买了车  汽油又涨   刚学会做饭  食用油又涨  还要不要活啊,1
#食用油涨价#不让吃了/难过,1
#食用油涨价#油价也越来越贵了，都快买不起了，干脆吃水煮的算了 /呲牙,1
受不了！,1
#食用油涨价##油你涨#该涨的都涨，唯独薪水不涨 。,1
#食用油涨价#除了工资什么都在涨，它干嘛不涨。,1
#食用油涨价##油你涨#石油涨完食用油涨，连动调价让人抓狂，通胀就像强取豪夺，百姓好比任宰羔羊。,1
/难过,1
现在这年头，什么都涨价了，就是工资不见涨，都是那该死的石油开始涨价，一涨搞得什么东西都开始涨价了，老百姓的日子又更苦了啊！,1
#食用油涨价#涨的好，不是捞什子坏事，多吃又不是致癌吗？,1
#食用油涨价##油你涨#涨吧，涨他个国破家亡,1
#食用油涨价##油你涨#地沟油很香,1
#食用油涨价#其实地沟油味道喂还行/亲亲,1
#食用油涨价##油你涨#价格越来越高，质量越来越差。,1
#食用油涨价##油你涨#算你狠,1
#食用油涨价##油你涨#伤不起 伤不起,1
#食用油涨价#什么都涨，坑的都是老百姓。,1
#食用油涨价##油你涨#   中国人活不起啊,1
#食用油涨价##油你涨#地沟油也跟风涨价，你也好意思！,1
真没人性，真没天理！,1
#食用油涨价##油你涨#看来地沟油能有市场，就是被这样逼出来的 /鄙视,1
#食用油涨价#——伤不起。,1
#食用油涨价##油你涨#地沟油又不能吃，食用油又吃不起，柴油汽油更是用不起,1
#食用油涨价#这油价忒贵了,1
#食用油涨价##油你涨#天*朝果然不忘记最擅长的本事：涨价！,1
#食用油涨价#卖不动货#受不了啦#,1
老百姓已经不能阻止了，涨吧  伤不起啊/流泪,1
#食用油涨价#这个更坑爹,1
#食用油涨价#老百姓没法活了 /流泪,1
#食用油涨价##油你涨#物价又涨了;工资你怎么还不涨吖;,1
#食用油涨价##油你涨#苦了老百姓了,1
#食用油涨价##油你涨#多少涨一奌可以.因为什么都在涨.吃的东西不马虎.涨才能保证好油.,1
#食用油涨价##油你涨#工资不涨啊，无奈啊，中国工资连世界平均一般都不到啊,1
#食用油涨价##油你涨#地沟油市场前景很大呀！,1
#食用油涨价#让它涨吧，反正老百姓早已习以为常麻木了。,1
#食用油涨价##油你涨#怎么又涨了，每天听到的就只有吃的~用的涨钱涨钱，什么时候工资也涨呀？,1
老百姓就是苦。,1
#食用油涨价#坑爹啊。。。,1
有些地也卖了搞房产，忙农的人少了，这些生活必需品能不涨价么，，,1
#食用油涨价# 地沟油的利润空间又增大了/吐,1
#食用油涨价##油你涨#和93号涨价比起来，这更狠！！！,1
#食用油涨价# 工资那么底他还涨价，还让不让人活了。,1
#食用油涨价#哎现在物价太高，工资不涨，奋斗中的生活真难熬，每月发工资都存不到多少钱 /抓狂 /抓狂,1
#食用油涨价#中国的物价总是涨涨涨的啊！！,1
没治啦！！！,1
#食用油涨价#地沟油销量又要火爆咯这涨价有可能害人不浅呐/骷髅,1
#食用油涨价# 前些天看到了有关新型地沟油的报道，没细看，因为真的觉得实在太恶心了。,1
#食用油涨价# 人不值钱了,1
/呲牙#食用油涨价##油你涨#食用油可以让减肥的朋友得到帮助！,1
#食用油涨价#这日子没法过了,1
#食用油涨价##油你涨#通货膨胀啊，多可怕，中国啊，你是要怎样啊？,1
政府啊，还要等多久才能意识到危机啊,1
#食用油涨价#看来地沟油将只能是中国老百姓的最好选择了,1
#食用油涨价##油你涨#地沟油又牛了,1
#食用油涨价##油你涨#老百姓还能承受多久;又要回到解放前了.,1
#食用油涨价#消费者伤不起,1
#食用油涨价##油你涨#怎么回事 ，物价这么不稳定。,1
政府有很大的责任。,1
#食用油涨价##油你涨#伤不起！！,1
#食用油涨价#可以理解，不能接受,1
#食用油涨价#我们每天都为粮油穿衣吃饭而忙碌工作，好辛苦呀！,1
#食用油涨价##油你涨#物价涨得这么快，工资却不涨。,1
将来的工资可能只够生活费了。,1
#食用油涨价#就是工资不涨,1
梁光森:#食用油涨价##油你涨#这个政府还让老百姓活不,1
#洗碗工留剩菜被开除# /奋斗洗碗工人做的对，全国人民要支持她！！,1
#洗碗工留剩菜被开除#浪费是可耻的 每年酒店浪费多少东西 我们无法计算 我想可以造几个航母吧 悲剧呀,1
太过分了。,1
什么社会！！,1
还他妈社会主义呢，比资本主义都不如！！！,1
浪费确实可惜可耻。,1
这个洗碗工是善良的，盼望看到她再次被酒店回聘。,1
#洗碗工留剩菜被开除#什么社会，宁可倒了喂猪都不给人吃。。,1
可悲的社会，可怜的洗碗工！,1
#洗碗工留剩菜被开除#这位母亲很伟大，酒店不应该。,1
太不是人干的事了。,1
#洗碗工留剩菜被开除#那个傻老板，素质低,1
#洗碗工留剩菜被开除#这酒店的经理是什么人，怎么这么狠心，做人要将心比心！,1
我们的社会进入了贫富差距极大 笑贫不笑娼的年代 不知道是进步还是退步。,1
无耐,1
#洗碗工留剩菜被开除#中国这个社会没救了!,1
#洗碗工留剩菜被开除#社会缺温暖，酒店没人性！,1
首先洗碗工并没有做错，相反这样的做法是勤俭节约！,1
中国人太奢侈了！,1
#洗碗工留剩菜被开除#这是什么烂酒店:不分清红皂白。,1
就把人家开除·就不能人性化点.察清楚在做定论不可以吗?,1
#洗碗工留剩菜被开除#这饭店老板太他妈不是人了，一点儿也不体谅劳工们的苦，这种饭店关门算了！,1
#洗碗工留剩菜被开除#真是的，这工人也太没品位了，怎么能拿客人吃剩下 的东西呢？,1
记得我们再穷也要有骨气，让那些傻B领导回家吃屎去吧。,1
强烈鄙视这家星级酒店，希望曝光这家酒店名称~！,1
#洗碗工留剩菜被开除#唉～浪费是要遭天谴的！,1
这败家玩意儿,1
#洗碗工留剩菜被开除# /不要浪费是一种美德,1
#洗碗工留剩菜被开除#这些表面像人猪狗的坏蛋，人心被狗吃了，只剩下一颗黑心的败累应该得癌症见鬼去吧…,1
社会太没有人情了,1
#洗碗工留剩菜被开除# / /抓狂、中国现在是咋的了，毛主席他老人家说过“浪费可耻”。,1
悲催。。。。,1
#洗碗工留剩菜被开除#可怜的孩子。,1
#洗碗工留剩菜被开除#酒店管理就得严格,1
鄙视~,1
#洗碗工留剩菜被开除#该酒店一点道德都没有，宁可倒掉也不愿留给人吃，太没人性了...,1
#洗碗工留剩菜被开除#这是什么规矩啊，一点人情味都没。,1
#洗碗工留剩菜被开除#这当老板的可真是……，,1
这是啥社会！,1
#洗碗工留剩菜被开除#悲哀的社会 /鄙视,1
他上司对她有问题,1
#洗碗工留剩菜被开除#这家酒店的管理，是混账式的管理，盗窃应该归公安管，客人吃剩下的食物是客人出了钱的，与你酒店有何干系，你凭什么说人家偷了你酒店的东西？,1
#洗碗工留剩菜被开除#他妈个B的什么吊老板,1
#洗碗工留剩菜被开除#身为农民的孩子，我都不知道说什么好，万恶的社会呀！,1
#洗碗工留剩菜被开除#老板王八蛋,1
#洗碗工留剩菜被开除#黑心的老板，对一个帮自己那么多年的工人这样。,1
没心没肝的黑老板。,1
#洗碗工留剩菜被开除#对混乱不堪的中国，就别报以任何希望了！,1
#洗碗工留剩菜被开除#悲哀是酒店 傷心的是女工。,1
悲哀的是社会，伤心的是穷人,1
#洗碗工留剩菜被开除#这酒店太没人情味了。。,1
这经理有点2。,1
不会做人。,1
#洗碗工留剩菜被开除#悲哀.社会的悲哀.也反映出了很严重的社会现实.首先是贫富差距太大,1
#洗碗工留剩菜被开除#其实酒店也是好心！,1
#洗碗工留剩菜被开除#没有人性的酒店！,1
这家酒店的负责人是个变态狂！,1
能开除这样的员工，饭菜也不咋的，已经变味了！,1
#洗碗工留剩菜被开除#鄙视，严重鄙视，什么破酒店，真怀疑他的存在有何意义。,1
#洗碗工留剩菜被开除#它反应了酒店管理人员的素质低级，反应了我们的社会矛盾，贫富差距大。,1
#洗碗工留剩菜被开除#哪家酒店，还五星级，没人味！,1
狗屁！,1
/龙年#洗碗工留剩菜被开除#现在社会已经没有诚信可言，没有什么廉耻心，已经走向衰退，可以做空洗牌了，重建新次序吧,1
#洗碗工留剩菜被开除#浪费可耻，五星级怎么了也不能浪费啊！,1
艹。。。。。。,1
什么事情啊。。。,1
这个社会 还能在黑暗点吗？,1
#洗碗工留剩菜被开除#这样的领导不是人，政府应当重罚他或加大税收才对。。,1
”冷漠的心，残酷的现实社会！,1
#洗碗工留剩菜被开除#现在的社会太黑暗了  人人只想着自己  富人太富  穷人太穷  哎,1
#洗碗工留剩菜被开除#富人太吊  侵负答工的啊,1
#洗碗工留剩菜被开除#酒店这怎么做是有点过了，可是话又说来，酒店也有酒店的管理跟贵章制度，但换位思考，阿姨也是爱子心切吧！,1
#洗碗工留剩菜被开除#经理 /弱,1
#洗碗工留剩菜被开除#现在的社会啊，不用说了！,1
#洗碗工留剩菜被开除#这就是社会的悲哀…,1
#洗碗工留剩菜被开除#中国现已经开始腐败！,1
人家毕竟是老员工，做人留一线，日后好相见，我怀疑那酒店老板良心被狗吃了！,1
这社会到底怎么啦？！！！,1
#洗碗工留剩菜被开除#看到这样的公司只能说很悲哀,1
有钱人真的就很JB了不起？,1
#洗碗工留剩菜被开除#这就是资本家的心肠，邓老不是说了，让一部分人先富起来吗，你老人家走了，却留下这后世的百姓生不如死！,1
这大妈真是伟大的勤劳动者，连口剩饭都没得吃了！,1
你真是为富不仁的资本家！,1
#洗碗工留剩菜被开除#强烈要求曝光酒店的名称，为富不仁！,1
#洗碗工留剩菜被开除#唉，可悲的现实！,1
#洗碗工留剩菜被开除#你们这些有钱有势的人渣，你们只顾及自己利益名誉，你却忘了自己长心了。,1
他们那些酒店是人做的事吗,1
#洗碗工留剩菜被开除#有钱就了不起，浪费东西很可耻，不尊重食物，直接去喝营养水得了。,1
大酒店对员工应该是人性化管理，以开除解决问题，你这是显摆你的权力，做人你都不会,1
#洗碗工留剩菜被开除#什么酒店啊，曝光一下，叫工商等执法部门去查查，看看有没有偷税漏税，地沟油什么的，罚死他们。,1
真tmd没有人性。,1
都是吃屎长大的。,1
#洗碗工留剩菜被开除#酒店那些人没人性,1
#洗碗工留剩菜被开除#那些人的良心被狗吃了，人的本性完全丧失。,1
#洗碗工留剩菜被开除# 这个酒店的管理者大脑有问题，他们可以让这些东西变成地沟油的原料，却不能让它有意义。,1
#洗碗工留剩菜被开除#酒店管理没有错,1
#洗碗工留剩菜被开除#现在的管理阶层有人性的很少，一般都是对上面阿谀奉承，对下面穷追猛打，最好是有人做又不要付钱，还有客人留下的也不确保就扔了，说不定还要再上呢，所以看看是剩菜，也许还要派第二次、第三次用场也不一定。,1
现在的老板不黑心的还有吗？,1
#洗碗工留剩菜被开除#如此看来酒店真的很浪费。。。,1
#洗碗工留剩菜被开除#该酒店缺的是人性化管理，客人留下的未经污染的食品完全可由专人收集保管，然后再分给需要的员工。,1
#洗碗工留剩菜被开除#社会在发展，人却在退步，制度在完善，人性在缺失。,1
#洗碗工留剩菜被开除#中国人就是喜欢摆谱，浪费是最大的可耻,1
#洗碗工留剩菜被开除#真想骂某些人脑残，不过还是不骂了。,1
良心都哪去了?,1
#洗碗工留剩菜被开除#洗碗工为剩菜而买单，谁为这个社会的冷漠而买单,1
#洗碗工留剩菜被开除#那星级酒店老板和管理层都不是好鸟，枪毙,1
#洗碗工留剩菜被开除#李红所在的五星级酒店的老板：说句粗话：操你祖宗！！！,1
#洗碗工留剩菜被开除#那个五星级的老板是以他妈妈被公猴子强奸后生下他的，所以他才没有人情味。,1
#洗碗工留剩菜被开除#那酒店的老板也太过无情了，穷人家就是命苦啊,1
#洗碗工留剩菜被开除#这家酒店太可恶了，,1
#洗碗工留剩菜被开除#现在这个社会越来越不是社会了，哎感叹中……,1
#洗碗工留剩菜被开除#难道这个世界真的是麻木了吗?,1
连一点同情心都没有了吗~,1
#洗碗工留剩菜被开除#经理、你妹的、肿么能酱紫、阿姨辛苦了、,1
#洗碗工留剩菜被开除#这种老板不为他做事也罢,1
#洗碗工留剩菜被开除#  /难过 这些号称五星级的大饭店缺失的是人性化管理的概念，这种做法还没有一些小饭馆管理得好。,1
狗眼看人低，使劲浪费吧，要遭天谴的！,1
#洗碗工留剩菜被开除#可悲！！,1
我害怕进入这个冷漠的社会了！,1
#洗碗工留剩菜被开除#这种酒店迟早要关门，逞什么富啊！,1
#洗碗工留剩菜被开除#唉，这饭店太不尽人情了，母爱太伟大了，,1
#洗碗工留剩菜被开除#也不怕拿回家有乙肝啊，真不爱孩子,1
#洗碗工留剩菜被开除#我真的没法理解 酒店的经理 你TMD 不是吃大米长大的吗？,1
#洗碗工留剩菜被开除# /发怒饭店老板就是一混蛋。,1
万恶的社会分配制度！,1
这老板也太没同情心了。,1
#洗碗工留剩菜被开除#那酒店老板是什么动物和什么动物造出来的畜生啊？,1
NND！,1
像这样的好工人好母亲应该去帮助才对！,1
天杀的畜生老板！,1
去死吧！,1
你妈被鬼子Ri了！,1
#洗碗工留剩菜被开除#为富不仁矣，一些富人已经没有了人性。,1
像这种人迟早要被社会所淘汰和抛弃。,1
狼心狗肺的东西. 这他妈的怎么了， 这就是特色社会主义么.特色在哪儿啊 欺负老百姓么  父母官呢 这事没人管么。,1
寒心啊,1
#洗碗工留剩菜被开除#只许周官放火不许百姓点灯，世界太黑暗了。,1
#洗碗工留剩菜被开除#浪费食物可耻 勤俭节约光荣,1
#洗碗工留剩菜被开除#这家酒店的人也太蛮横无理吧!,1
什么玩意，还有没有人性啊，扔了没事，捡了就开除，什么逻辑啊，老板是不是认为员工都和他一样有钱啊。,1
事情出了，即便她做得不对也该是批评教育，也不该开除啊，再说她的故事好让人心酸啊，这就是我们中国的国情！,1
#洗碗工留剩菜被开除#中国就是这个刁样，真的很想再来次世界大战啊、地震也好，人类全部灭亡。,1
#学雷锋被钓鱼执法#这个世界啊。,1
#学雷锋被钓鱼执法#这种钓鱼执法只能是学雷锋的人越来越少，必然给社会造成非常恶劣的影响！！！,1
强烈谴责,1
打着执法的幌子，收着劳动人民的血汗钱！,1
简直就是扯淡！,1
#学雷锋被钓鱼执法#不否认长沙好人多，但长沙的黑的也确实是多,1
#学雷锋被钓鱼执法#鸡毛令件，还是狡辩呢？,1
如果没收钱，又怎么会被钓鱼执法呢，根本就没证据啊！？,1
这社会该信谁呢.............,1
#学雷锋被钓鱼执法#现在这个世界，别想着做好事，因为做好事的通常都会被罚钱。。。,1
#学雷锋被钓鱼执法#擦你妹啊！,1
#学雷锋被钓鱼执法#给他们钱就好了、他们就不管了、在我们这里、黑车都要向他们交钱、然后他们就装没看着、否则就抓你。,1
#学雷锋被钓鱼执法#国家想从老百姓口袋取钱那还不是轻而易举的事！,1
这不上海油价8.27每升、一下子涨5毛啊！！！,1
国家大捞贪吏小捞、唱出的高调用车拉、为民做实事的有几个？,1
#学雷锋被钓鱼执法#真是无语，我想每个老百姓都拿把枪，看哪个单位还敢钓鱼执法！,1
#学雷锋被钓鱼执法#黑载客车该治,1
#学雷锋被钓鱼执法#说学雷锋纯属胡扯，我认为,1
#学雷锋被钓鱼执法#法制社会没有法制 /菜刀,1
#学雷锋被钓鱼执法#能不能理解我们老百姓的生活，现在什么社会，还学雷锋，你不是找死嘛？？？？？,1
我是八零后(@6) #学雷锋被钓鱼执法#正二巴经跑黑车的都让他们吃了买卖了，可以说脏话吗？,1
#学雷锋被钓鱼执法#我极力支持“钓鱼执法”你不是鱼就不怕钓，你贪饵就肯定被钓。,1
#学雷锋被钓鱼执法#现在学雷锋，真是一件提心吊胆的事，执法部门如果缺钱就明说，每车200元按月收，比抢银行来钱快。,1
#学雷锋被钓鱼执法#视其出发点而定，为公有情可原，为私纯属损人利己,1
真是个榆木脑瓜，一点点的社会灵活性都没有,1
#学雷锋被钓鱼执法#现在的社会，有权说你啥就是啥，我们做小民的，躲着点吧，,1
#学雷锋被钓鱼执法#人民政府，人民不做主；,1
人民代表，人民没选票；,1
人民大会堂，人民不开会；,1
人民日报，人民不看；,1
人民文学，人民不读；,1
人民银行，人民没钱；,1
人民法院，人民不见天；,1
人民公安，人民很不安；,1
人民医院，人民住不起；,1
人民教育，人民受不到；,1
人民币，人民没有；,1
人民路，人民没出路。,1
#学雷锋被钓鱼执法#且不说是不是学雷锋，主动停靠有错吗？,1
没有出价的，哪来讨价的，真是！,1
#学雷锋被钓鱼执法#都是自己开车惹的祸！,1
#学雷锋被钓鱼执法#所以说，在当今的天朝这个惩善扬恶的时代，想当好人是不合时宜的，当好人要比当坏人难十倍，想做好事要比犯罪更需要高智商与隐秘。,1
#学雷锋被钓鱼执法#我让你装,1
#学雷锋被钓鱼执法#现在的执法人员不知道是从哪里招聘来的;素质很差;有时用自用车载着自己的老爸老妈;也要强行查看身份证.动不动就用罚款来威肋.,1
#学雷锋被钓鱼执法#公有公说，婆有婆说，民事纠纷实在难判，不管怎么样，看自己的良心办事的人会有自己的行为，说不清····,1
#学雷锋被钓鱼执法#钓鱼执法本身带有诱导和欺骗的成分在，还有什么资格执法，前提是错误的结论当然就不会正确。,1
可惜，我们有多少执法者在玩这种执法游戏，其实他们在亵渎法律，该接受惩罚的应该是他们。,1
#学雷锋被钓鱼执法#管理就是收费，管理就是罚款。,1
#学雷锋被钓鱼执法#现在的政府真不是东西，自己不为人民服务，还不让别人为人民服务。,1
#学雷锋被钓鱼执法#运管执法人员取证不合理吧？,1
#学雷锋被钓鱼执法#想想有事等在路边，有个人肯拉你就不错了，拉你不给钱，还扣人车，还要人倒贴给3万，你还真会讨钱,1
#学雷锋被钓鱼执法#政府部门诱骗侦查，实际是犯罪，就同刑事警察诱供是一样的枉法行为；,1
公民太畏惧公务员、不敢反咬：讹诈不成、诬陷栽赃，甚至将他们当做抢劫犯攻击，因为他们没有事先做出执法身份公示，你的攻击属正当防卫、不受过当的限制；,1
收点油钱也不过分。,1
真正应该打击的是收的哥份子钱的出租车行，打破垄断才是解决问题的途径,1
#学雷锋被钓鱼执法#都是披着人皮的狼，吃人不吐骨头。,1
#学雷锋被钓鱼执法#“钓鱼执法”本身没错，“卧底”不都是钓鱼执法吗，破获很多大案的缉毒英雄也是靠“钓鱼执法”破的案。,1
如果“法”不合理，就该废除！！！！,1
#学雷锋被钓鱼执法#这是一个旧话题，只是多了一个摩登的理由\'\'学雷锋\'\'，翻翻三年前上海的报纸，这鬼把戏早就戳穿啦!,1
执法人员也太不合时宜，三年了，没点长进，没点创新。,1
#学雷锋被钓鱼执法#林子大了，什么鸟都有,1
#学雷锋被钓鱼执法# /咒骂强盗在枪钱吧,1
#学雷锋被钓鱼执法#带到自己地头;打他个呆b啊,1
#学雷锋被钓鱼执法#个个都守法，何须着便衣,1
#学雷锋被钓鱼执法# /发杀了狗娘养的钓鱼的。,1
#学雷锋被钓鱼执法#以一个公民的身份强烈要求公安介入，这是利用公共权利干绑架的违法行为,1
#学雷锋被钓鱼执法#真的假不了 假的真不了 就算他是个黑车司机 处罚力度是不是也太大了 处罚的目的是他以后不再犯错 而这样的处罚 对于一个黑车司机是要他半条命 这是他几年的辛苦钱 他就没有以后了 我认为应该先有警告 再次犯 才有罚款,1
#学雷锋被钓鱼执法#应该让执法人员先学雷锋,1
#学雷锋被钓鱼执法#学雷锋居然有这种事，太坑爹了吧，愤怒！！！,1
#学雷锋被钓鱼执法#    此乃恶法！,1
分明就是路霸！,1
#学雷锋被钓鱼执法#钓鱼执法，本身就是一种违法行为。,1
上万的罚款！,1
是否过于严重？,1
#学雷锋被钓鱼执法# 人家吃的是皇粮、即使我们在这喊破天也没人会搭理你、这就是中国特色社会……,1
当道德沦丧时就想着鼓吹“雷锋叔叔”了，结果吧！,1
这鼓演戏一般的风还没吹到顶，就给某些相关部门一棍子敲下来了。,1
真搞笑！,1
道德只会越来越沦丧、人们只会越来越冷漠。,1
#学雷锋被钓鱼执法#此法 不可取。,1
#学雷锋被钓鱼执法#重要的是公共交通的管理问题，巴士垄断业务，没有个人的所谓关系，难进这一行，造成打车难；,1
二是社会有富裕的运力得不到发挥，而国家也不想办法把这事搞活流通，黑车拉客事实上到处都是，也不排除此翁是个学雷锋的高级典范。,1
#学雷锋被钓鱼执法#我们现在越来越不相信别人了，呼唤互相帮互精神/抓狂,1
#学雷锋被钓鱼执法#阶梯电价 ，真正体现出了社会主义的好，标准合理，方向正确，该为以前的发改委现在的“榨干委”鼓掌了尤其是东北的冬季供热不达标的家庭，交了供热费还得靠用电取暖的用户这真是晴天霹雳般的喜讯。,1
#学雷锋被钓鱼执法#钓鱼执法不应该，但如果鱼儿不咬钩，他也没办法啊。,1
做好事该提倡，但如果好事变成好事者的话题，很悲哀。,1
#学雷锋被钓鱼执法#倡议想学雷锋的还是要斟酌，最好不要学，没有价值，反而惹来太多的麻烦。,1
#学雷锋被钓鱼执法#真到多一事不如少一事的年代了......,1
你想啊，他们能不疯狂的想尽一切办法弄钱吗？,1
#学雷锋被钓鱼执法#做好事都伤不起了啊 /衰,1
#学雷锋被钓鱼执法#钓鱼执法本身就不和法。,1
共产党专政啊-+,1
#学雷锋被钓鱼执法# 这年头雷锋真学不起啊，人家雷锋背后有毛泽东撑腰，你呢？,1
还是内句话“河蟹天朝，干什么别干坏事，做什么别做好事，除非你姓李”,1
#学雷锋被钓鱼执法#搭车装可怜，罚款展熊姿，怪不得有人挖熊胆呢,1
#学雷锋被钓鱼执法#看看什么时代还学雷锋.自认倒侮吧.......,1
#学雷锋被钓鱼执法#只能说明中央核心的溃烂\'，以局部化，。,1
早就不适合了。,1
#学雷锋被钓鱼执法#雷锋看来做不得，做了以后说不定真的要疯了,1
#学雷锋被钓鱼执法#证据不足，扣人车辆就属非法，“钓鱼”引诱亦属非法。,1
这样的公务员能执行好公务吗？！,1
#学雷锋被钓鱼执法# 总有这种人以雷锋精神来骗得别人的信任，可悲，象火车站这种人最多了，老乡骗老乡也是撒希奇事。,1
#学雷锋被钓鱼执法#还学什么雷锋呀，你没看到现在的好人少坏人多吗,1
#中国教师收入全球几垫底#中國教育就這麼樣！,1
#中国教师收入全球几垫底#可怕的谎言！,1
一个断章取义的调查引起无限的争议,1
#中国教师收入全球几垫底#总之就是惨不忍睹，何以度日养家？,1
悲哉！,1
#中国教师收入全球几垫底#但是中国教师是最变态滴了！！,1
#中国教师收入全球几垫底#扯蛋。,1
无聊的统计\n,1
#中国教师收入全球几垫底#中国教师，其实已腐了，教出来的学生也是腐的，当了官自然也就腐了,1
可怜啊可怜！,1
#中国教师收入全球几垫底#可怜我的老师们啊,1
然而，在国内而言，教师的工资是令国人羡慕的。,1
我赞成，老师的工资应该较高的高于国人的平均数，无可非议，一日为师终身为父嘛。,1
老师是很辛苦的，应该有高收入。,1
#中国教师收入全球几垫底# 老师素质好的~  特别是乡村的教师，应该涨， 那样的畜牲老师， 应该杀， 贪污学生的钱，强迫学生买书，这样的老师 一分也不能给它,1
#中国教师收入全球几垫底#分地方，我们这里教师工资不高，外捞多，教师是吃香，头挤破找人当教师，还提工资，都没了人性了，老师的心灵都扭曲了，,1
#中国教师收入全球几垫底#房价居高不下，而教师的工资一个月不吃不喝一个月仅能够在我们这山区购买0.2平的房子，一年不吃不喝也只能买3平不到，真是莫大的悲哀！！！,1
你说贫困地区的教师工资低我还信，在一线城市教师就是香饽饽相当于公务员。,1
如果是，那就是老师们的悲哀，国家的不幸呀！,1
#中国教师收入全球几垫底#，放屁，绝对不是这个数~！,1
#中国教师收入全球几垫底#中国是个尊师重教的国家，老师不仅受国家重视，也受社会尊重，更受学生家长的敬重。,1
#中国教师收入全球几垫底#老师是穷人呀...,1
现在的师资质量实在是不敢恭维。,1
教育体制改革了这么多年，也没有什么起色，导致管二代、富二代都出国留学。,1
#中国教师收入全球几垫底#还有哪些漂泊异乡的打工者，他们的收入更是低得可怜！,1
可是中国整体的为教育工作者们还是优秀的，工资的落后，也看出来国家对教育的重视层度。,1
#中国教师收入全球几垫底#中国很多行业收入都很低吧！,1
#中国教师收入全球几垫底#教育水平也同样…,1
#中国教师收入全球几垫底#中国的经济发展不平衡，中国的教育发展也不平衡乡村老师可怜，低收入，乡村的孩子更可怜，同样生在中国，她们的生存条件和受教育的程度差别是很大的。,1
#中国教师收入全球几垫底#  扯淡。~,1
#中国教师收入全球几垫底#极端地说 中国所谓大学教师都是在混 所以工资低,1
#中国教师收入全球几垫底# 我认识的许多教师尤其大学老师待遇都很高，还可以去课外补习赚钱。,1
#中国教师收入全球几垫底#在这个物欲横流的社会，真的让大家拿着一点只能吃饱肚子的工资就奉献所有的光阴，真的去烧死自己照亮别人，用现在的话说就真的是太“悲催”了。,1
尊师重教是必要的，老师很辛苦压力很大这不可否认。,1
#中国教师收入全球几垫底#可怜啊，作为一名乡村教师，怎么融入当今社会...,1
尽管美国时有枪击事件发生，但是社会很稳定，美国军队和安全花费都花在对外国防、打击国际恐怖主义。,1
控制凶器说明政府本身不干净、有问题,1
#中国教师收入全球几垫底#悲哀，真是悲哀。,1
还谈什么教育，何谈什么根本。,1
/咒骂,1
#中国教师收入全球几垫底# 昨天心情不错哦,1
#中国教师收入全球几垫底#中国教师素质全球垫底     不信去随便的初中小学去问问      他们体罚加变相体罚加精神攻击    我们都快受不了了     救救我们吧  就就我们初中的学生吧,1
\n现在教师师德全球几垫底那还说得过去。,1
#中国教师收入全球几垫底#社会风气发展到今天，上行下孝，上歪下斜。,1
改革开放，农村教师生活水平世界低下数第一。,1
#中国教师收入全球几垫底#所以高尚…,1
#中国教师收入全球几垫底#别跟大爷扯大学教授收入低，多看看中国农村和边远地区的乡村教师，那才是真实！,1
#中国教师收入全球几垫底#别光拿钱说事 看看我们的为人师表 看看我们的教育质量 看看我们学生的综合能力  再看看这个社会人浮于事的各种事态,1
#中国教师收入全球几垫底# /太阳,1
#中国教师收入全球几垫底# 稍微去个k t v 啦什么的，同事聚个餐，只有教师寒酸，没底气。,1
#中国教师收入全球几垫底#现在教师不仅收入低;而且责任很大的;也可以说是弱势群体的.,1
#中国教师收入全球几垫底#中国教师可悲啊!!!,1
#中国教师收入全球几垫底#   教室待遇好。,1
#中国教师收入全球几垫底#农村教师少的可怜啊！,1
大城市重点学校的教师灰色收入可达到中产水平，边远地区的代课教师收入低得可怜！,1
所以，报道该新闻的人纯属无聊！,1
#中国教师收入全球几垫底#教师的收入是一个很尴尬话题。,1
每个人都读过书，教师功不可没，但收入确实不敢恭维。,1
#中国教师收入全球几垫底#这也太夸张了吧，貌似收入相当的不错了和工薪阶层比。,1
#中国教师收入全球几垫底#玩得是境界不是钱       中国知识分子历来淸贫 /胜利,1
#中国教师收入全球几垫底#偏远山村的教师囊中羞涩，大城市的教师【尤其是主课老师】生财有道，囊中满满。,1
#中国教师收入全球几垫底#在编的还好，和公务员差不多，但是代课老师就不行了，五险一金都没有，工资只有在编教师的三分之一，但是工作量甚至比在编教师还多！！……,1
特别是农村代课教师，条件差，待遇差，还要付出更多，平均每个教师至少得带4.5门课……,1
#中国教师收入全球几垫底#他们是共和国的灵魂和脊梁。,1
#中国教师收入全球几垫底#老师应该把心思放到学生的教育上，要知道现在老师在家长心目中的地位极其低下，已经成为“死要钱”的代名词。,1
教育腐败遍地都是，除非偏远山区可能还存在收入偏低的问题，怎么不关心一下农民的收入？,1
#中国教师收入全球几垫底#在国内教师收入不算少啦，更多的人更悲催,1
#中国教师收入全球几垫底#如果和中国员工的平均工资比较的话，教师的待遇还算不错了,1
#中国教师收入全球几垫底#悲催,1
#中国教师收入全球几垫底# 小时候就听大人们说：“老师们最是扣门了，买个馍还要直尺量：：：”   长大后我才知道，是因为老师们没有，所以他不得不扣点儿：：：：：：,1
#中国教师收入全球几垫底#最悲的应该是乡村教师吧。,1
#中国教师收入全球几垫底#木办法啊，中国的教育也差不多垫底吧？,1
#中国教师收入全球几垫底#收入不高，水平也咋地...,1
老师这样如此，简直是教育的悲哀。,1
反映到根本上，只能是教育制度的悲哀。,1
可悲啊！,1
#中国教师收入全球几垫底#不容易呀。。。,1
#中国教师收入全球几垫底#农村教师跟大城市没法比，可怜的要命。,1
#中国教师收入全球几垫底# /流泪垫底呀，我还以为我们人民教师工资很高，幸福感很强呢 /得意，今天才知道，靠！,1
我TM的，原来是穷鬼 /抠鼻，怪不得每涨工资，工资越长越少，绩效工资搞的乱哄哄，眼看涨了工资拿不到 干着急 /发怒，绩效工资被扣，中国教师没钱正常，都叫某些人揣兜了，“某些人”你知道,1
#中国教师收入全球几垫底#现如今的老师那个不是利欲熏心，真正清廉为了学生的，我看比大熊猫还少吧，如今的教育制度，老师的素质十分落后，低下，就拿我们这里一年内3所学校死四名学生来说，大家可以想象，,1
#中国教师收入全球几垫底#教师可怜，乡村教师更可怜，西部的乡村教师不是可怜，是可悲。,1
#中国教师收入全球几垫底#中國真落後,1
#中国教师收入全球几垫底# 中国人太多了，所以人很廉价啊,1
#中国教师收入全球几垫底#可悲！,1
#中国教师收入全球几垫底#老师是很神圣的职业，别用金钱来衡量？,1
#中国教师收入全球几垫底#不会吧，我发现我认识的老师过得都挺滋润的啊。。。,1
#中国教师收入全球几垫底#骗鬼！！,1
#中国教师收入全球几垫底#有点不靠普，想当老师的人一大把。,1
#中国教师收入全球几垫底#呸。。,1
中個的教育是錢教育，爾不是知識教育，做人教育。,1
教師很會卡油水，一會這裡補課，一會那裡辦什麽興趣，一會又叫學生買什麽學習材料。,1
#中国教师收入全球几垫底#太惨了！,1
教师乃德高修养之人都是提倡朴素修身养性，清贫合适呢。,1
妈妈今天还说当老师很不容易。,1
不过老师虽然累，但有一群她的学生们。,1
好老师的心态永远、每天都会是：累并快乐着！,1
谈钱，庸俗！,1
不谈钱，自欺！,1
/尴尬 中国的基调就是“以经济建设为中心” ，我觉得也是可以谈钱的嘛。。。。,1
#中国教师收入全球几垫底#MD 哪个混蛋说的 你看看哪所学校的老师没有车 卖教材 收补习费 校外办班 收家长红包 等等她们比贪官就差一个官字 我看收入不是垫底 是她 他们的德行全球垫底,1
#中国教师收入全球几垫底#除了谈钱还是谈钱 难道人的一生就只是为了钱而活吗  时下 有很大一部似人非人的人是吃了掉她人而鼓起了自己钱包 实乃高级动物之最悲哀,1
#中国教师收入全球几垫底#是啊~~我们多可悲啊！！！！,1
#中国教师收入全球几垫底#调查很片面，貌似天朝是这么说的。。。,1
#中国教师收入全球几垫底#老师死的早   /呲牙,1
#中国教师收入全球几垫底#中国的教师真可怜， 政府为了少发钱， 每个学校只分配少的可怜的几个晋级指标， 其中还被拉关系的占了一半。,1
其实很多老师早都够晋级条件， 却迟迟没的晋级， 干的活是一样的， 收入却大相径庭， 悲哀。,1
最苦的还是家长。,1
#中国教师收入全球几垫底#中国教师囊中羞涩。,1
山区教师，更是少的可惨。,1
在中国，什么亊，只要一平均，老百姓就惨了。,1
教师们，伤不起啊！,1
#中国教师收入全球几垫底#我觉得教师的工资够高啦，为何现在的学生都选择教师职务，打工的能赚到多少钱？,1
是的，我们中饱私囊，道貌岸然了。,1
是的，我们自己扇自己的脸一点都不脸红还让你们帮我扇。,1
还有我想说，在贫困山区的老师他们是可爱,1
当老师真辛苦。,1
工资这么低，挺可爱的。,1
#中国教师收入全球几垫底#我连平均工资都不到，更是垫底呀 中国的政府也太无能了，,1
在应试教育下，以成绩来衡量钱的多少，老师的压力大，学生讨厌学。,1
哎，老师命苦啊。,1
教师，神圣高尚的职业。,1
#中国教师收入全球几垫底# 二。,1
无聊的很,1
这是对中国教育最大的讽刺。,1
#中国教师收入全球几垫底# 胡说八道！,1
就教师的待遇问题本人倒是觉得：暂且不说高低，现在的教师恐怕没有从前那么神圣了。,1
#中国教师收入全球几垫底#最霉的就是当一个乡村教师，而且还走到一个最龌龊的地方，简直是天天都如同在做恶梦！,1
这地方与我八字不合，鬼太多！,1
一不小心就要踩狗屎！,1
还不如当初去支边……,1
可悲啊！,1
浪费宝贵人生！,1
不知道受欺压的教师日子过得多艰难！,1
#中国教师收入全球几垫底#放屁。。,1
#菲军舰恶意撞击#哇靠！,0
究竟还要忍多久！,0
#菲军舰恶意撞击#意外，真TMD意外，连小小菲律宾也敢撞我们了！,0
尼妈的海军干嘛呢？,0
拿的烧火棍吗？,0
外交部还是赶紧谴责了事吧！,0
我靠，毛大爷，邓大爷快醒过来吧！,0
只学会谴责就把国人糊弄了事！,0
我国的国情都看不懂吗？,0
我国发展到今天，历时多少年？,0
最基层农民是怎么度过这和平年代的？,0
刚刚才可以吃饱饭你让他还继续受苦啊？！,0
别以为中国是坚不可摧，就像你家其实经济收入不咋滴，硬买个车充大爷,0
#菲军舰恶意撞击#跑到中国的地盘   撞击中国的船  确是意外？,0
现今的政治环境下，政府是不是应该调整一下对外政策了…,0
#菲军舰恶意撞击#怎么了；,0
今年总是有这样的事情发生、前段时间在印度海峡又被欺负、跟着美国又干涉人民币、现在又来个菲律宾……？,0
老是发表声明谴责有什么用？,0
不能再软弱了；,0
一个字“打”,0
#菲军舰恶意撞击#转向舵是不会失效的，更不会这么巧。,0
事故都是人为的，编了个借口。,0
菲炮艇下次可能会炮蛋走火。,0
#菲军舰恶意撞击#什么意思？,0
平时不失控，碰到我们就失控？,0
信不信我们核弹失控炸你家老巢？,0
#菲军舰恶意撞击#要就来真格的…,0
还用什么解放军啊!,0
#菲军舰恶意撞击#中国没有第二个邓小平了么？,0
CTM 滚下去,0
要一招制敌让别人心存敬畏！,0
#菲军舰恶意撞击#当年小米加步枪都敢和美国打、现在………,0
尽情的挑衅中国吧！,0
#菲军舰恶意撞击#草！,0
我们真应该制裁一下了！,0
#菲军舰恶意撞击#他奶奶的，连个小小的菲律宾都不把中国放在眼里，请问中国的尊严何在？,0
要不怎么这么多鱼兵虾将都敢欺负您呢？,0
#菲军舰恶意撞击#你真是无意吗，我掀你个耳光，也说手不听使唤呢！,0
唉！,0
#菲军舰恶意撞击#领导人天天靠伟哥生活太久了吗？,0
真的不能再叫母亲了，改叫父亲才能威慑四邻,0
没办法呀！,0
#菲军舰恶意撞击#,0
#菲军舰恶意撞击#难道政府忘了党的教诲，忘了撒满革命热血的那面五星红旗…,0
中国，您醒醒吧…,0
该出手时就要出手了！,0
给他颜色看看！,0
别以为让着你就是怕你！,0
一次次的强烈谴责，一次次的强调。,0
固有领土？,0
在我们农村房基地被人占一点也不行啊，是不是闲咱们国家面积太大了啊？,0
殊不知人善被人欺啊！,0
崛起中国。,0
#菲军舰恶意撞击#有多少人关心这些？,0
迟早人家会宣战的，一定到那时才动手吗？,0
以后没事别出去…,0
省得被人劫持，杀害，又故意把你撞翻…,0
万一要出去，挂上美国旗，就没敢人惹…,0
谁惹就灭他满门,0
并且政府应该尊重和有效的执行。,0
我希望国家富强，希望拥有一份作为中国人的自豪。,0
#菲军舰恶意撞击#类似的事很多。,0
身为百姓的我们要忍。,0
一定要忍。,0
那怕南海从中国版图中消失。,0
还是忍了吧。,0
经济建设最重要。,0
是否也可以意外的送它个鱼雷,0
碰上外国中国又打着友好的旗号了事，国际上充好人，称大国，其实自己国家还没处理好…,0
#菲军舰恶意撞击#中国…,0
#菲军舰恶意撞击#哎，明天的电视又要开始强烈谴责了。,0
#菲军舰恶意撞击#安逸！,0
这就是软弱的后果！,0
我心痛！,0
#菲军舰恶意撞击#等我把钱赚够了就不回国了，我在这定居了。,0
#菲军舰恶意撞击#啊要！,0
连菲律宾小人国都来踏上你唻。,0
在下佩服得五体投地！,0
哎…,0
老胡你成天在想些啥呢为了你,0
日本干一下！,0
非礼一下！,0
印度一下！,0
南面一下！,0
东面一下！,0
中国是女优吗？,0
#菲军舰恶意撞击#昨日是泰狗杀你12人，今日菲驴撞撞你小船。,0
明天不知又有谁对你做啥。,0
给他们打就是了。,0
年轻人多的是。,0
每个年轻人发发架歼11炸他们的老窝。,0
就说中国年轻人玩过家家的,0
操把中国人杀光他们都还像菩萨一样一动不动。,0
#菲军舰恶意撞击#,0
#疯狂的大葱#物价局该管管了.,0
#疯狂的大葱#不管你怎么涨，也难不住老百姓，只有城市的人才发愁，小葱早发芽了,0
#疯狂的大葱#疯狂的不是大葱,0
#疯狂的大葱#可以更贵点，以后过节送礼，一家两捆大葱！,0
#疯狂的大葱#涨吧．涨吧．尽情的涨吧．我看你能涨到什么时候,0
#疯狂的大葱#在涨谁能吃多少不吃也可以自然涨的没意思了在看看燃油的价格如今谁又能不用呢,0
真这样我立马去种葱去,0
#疯狂的大葱#现在植物稀少，动物居多…,0
绿色养生嘛…,0
#疯狂的大葱#还有什么是不长的,0
#疯狂的大葱#不是说物价下降了%之多少吗?,0
#疯狂的大葱#大葱，呵呵…,0
咱也秀一回啊！,0
不知达人秀的那卖菜大妈还：送你葱不！！！,0
#疯狂的大葱#来点更疯狂的吧,0
#疯狂的大葱# 6元一斤了！,0
/发怒,0
我想不用多久中国又可以看到不少的街头乞丐了！,0
#疯狂的大葱# 让它涨价去，我又不吃葱。,0
#疯狂的大葱#自己种呗，种花盆里，浇水就行了，嘿嘿,0
#疯狂的大葱#我希望物价和工资都不要再长了   稳定中求发展嘛,0
吃葱都吃不饱啊！,0
#疯狂的大葱#    要吃还得买 ！！！,0
#疯狂的大葱#小葱大葱都是葱,0
#疯狂的大葱#为什么农产品涨了，农民的腰包却不见涨呢？,0
#疯狂的大葱#如果工资涨就好了。,0
#疯狂的大葱#别整天的盯着涨价涨价，为什么涨价你们知道吗？,0
为什么不值钱？,0
#疯狂的大葱#想吃大葱蘸酱！,0
#疯狂的大葱#其实农产品的价格种地的说了不算!,0
但目前来看政府也说了不算，到底谁说了算呢？,0
不明白啊!,0
#疯狂的大葱#社会的通货膨胀了,0
/衰,0
#疯狂的大葱#大葱它肿么了？,0
/拥抱,0
#疯狂的大葱# 不为别的、仅此而已~！,0
等工资张了，什么就都又涨了。,0
鸭梨，，，,0
#疯狂的大葱#唉，难过啊？,0
#疯狂的大葱#我不吃这东西,0
#疯狂的大葱#下一个疯狂又是什么呢？,0
十块钱的两根葱;我决定不吃了;只吃普通的葱。,0
#疯狂的大葱#啥不疯狂！,0
唉 /敲打,0
#疯狂的大葱#深有体会！,0
#疯狂的大葱#现在啥不疯狂？,0
农产品难么多，炒完这个炒那个。,0
利益至上才是真的。,0
#疯狂的大葱#大葱今年疯狂不起来了；,0
我宁可不吃！,0
#疯狂的大葱#呛，呛，呛死我了,0
#疯狂的大葱#吃饭都快吃不起了.....,0
#疯狂的大葱#我不吃可以吧。,0
#疯狂的大葱#猪都用上瘦肉精了，葱会不会？,0
#疯狂的大葱#不买；,0
全烂掉,0
停火了！,0
停机了！,0
停车了！,0
停电了！,0
#疯狂的大葱#那是北方人的最爱吧，我不吃葱，免费送我的话可以考虑,0
追查幕后，看看谁才是这利益链条中的关键！,0
#官员财产公示#憧憬着新中国的美好与辉煌。,0
不过这些年也疼惯了，还是打打酱油，看看凤姐比较实在。,0
/右哼哼,0
随便拉个村官或股级的都有几处房产。,0
#官员财产公示#公布与不公布不重要，社会分配公不公是根本。,0
平常在心，平心是金，民心是镜，镜蒙容非。,0
到银行查一下啥鸡巴都清楚了。,0
你敢投诉，等于向社会宣战，傻子才投诉！,0
草！,0
#官员财产公示#大家都来考公务员吧,0
.4分钟前 来自腾讯微博       分享  详情,0
谁是骗子？！,0
最后吃亏的还是老百姓、纳税人！！！！,0
说实话的没多二个，百姓还是不信任呢？,0
只有烧高香，保佑人和财产一起消失，否则钱在银行，人已冰凉。,0
还是凉着待着比较好！,0
3代贫农你要去做官，必死无疑。,0
#官员财产公示#天天问这些问题有用吗?,0
你腾讯有种带我们起义啊,0
#官员财产公示#如果有人投诉，那个人不是绝世高人就是天下第一等的傻子。,0
只是换了一种剥削的方式，不知大家是否同感！,0
咱换下一话题吧！,0
多地#官员财产公示#遇零投诉::从“第一个吃螃蟹的”新疆阿勒泰市，到之后陆陆续续进行试点的浙江慈溪、湖南浏阳、宁夏银川、宁夏青铜峡等地，包括官员财产申报、公示在内的领导干部个人事项公示制度，虽然各地具体操作有较大差异，但结果却非常相似——没有结果,0
你还别说，效果出奇的好。,0
呵呵！,0
#官员财产公示#公布的会是真的吗.,0
#官员财产公示#擦。。。,0
官员财产公示？,0
你们信吗？,0
哈哈。。。。,0
#官员财产公示# 公示的都是能看的，关键我们就想看那些不被人所知的。,0
#官员财产公示#是公开、公正的吗？,0
#官员财产公示#是以个人还是家庭,0
#官员财产公示# 我认识一位公务员家里有六套经济适用房。,0
所有只能零投诉,0
普通老百姓都想多活几年。,0
#官员财产公示#应该谁举报贪污查查出来的赃款，按照百分比给予奖励。,0
同时可以查一查领导身边的亲戚，这样的话 就能涌现出很多打贪英雄,0
#官员调研#微服私访？,0
#官员调研#深入了解民情，换一种身份(例如是记者)可以更好的贴近百姓生活，打破传统的形式调查。,0
冒充记者就能问出个所以然来了吗？,0
其实心知肚明，不是大是大非，或是危机到自身，谁和谁过不去呢！,0
加强舆论监督和放大效应才行之有效！,0
让一些罪恶和腐败无处遁形 (刚刚发表 来自 腾讯微博),0
公道在自人心啊！,0
理解万岁了！,0
不予评论。,0
不要往歪处想就行。,0
#官员调研#哎   哟 喂！,0
互听,0
#官员调研#哈哈，官员又白又胖、鼻子微哼、表情傲然，已经成为一个特色，相信很大的一部分人一眼就能识别的。,0
#官员调研#想玩康熙啊！,0
封建残余，现在只是位置坐十年而已…,0
你懂的,0
官大一级压死人！,0
不敢说,0
外带看看哪里美女多，顺便捞点外快。,0
#官员调研#官员不作为，现在只有媒体能帮到群众，为百姓做事，官员是否真应该反思自己，你现在在这个位置上都做了些什么，应该做什么。,0
#官员调研#可是用记者的身份获得了信息，能象记者那样为民作主吗？,0
调研都得披上记者的外衣，很像当年的地下工作者，如此的模样，你能调研什么，还不是听基层官吏胡诌白扯，回去向大官唱唱喜歌，不敢以官员的身份面对群众，为人民服务难道也要偷偷摸摸?,0
可见有多少猫腻。,0
办事情是乱搞;你找他们办事没钱是不行的;社会要大乱,0
不过我还是相信还是会有象朱荣暨那样的热血男儿。,0
那样的清官。,0
有这样的想法和做为。,0
希望好的想法和做为可以真正的为老百姓着想和谋福利。,0
#官员调研#人民根本就不相信当官的，官官相护！,0
#官员调研# 官员！,0
政府现在就是他们的老大……,0
这已经不是毛主席的年代了……,0
政府现在绑架了我们的祖国……,0
我们也只能睁一只眼，闭一只眼/流汗,0
看时间就知道了,0
过去都不叫官员叫人民的勤务员，因刘少奇对时传祥说过：我是国家主席，你是掏粪工人，不管职位高低，都是人民的勤务员！,0
而在他们那时，干部下来调查，群众都爱讲实话！,0
其他的原因，大家可自己仔细想一想！,0
#官员调研#还调研哪…,0
#官员调研# 官员调研？,0
没想到高官开始鼓弄下属又来欺骗群众了！,0
#官员调研#官员还调研？,0
#官员调研#官？,0
到下面好吃好喝，还可以拿公款旅游！,0
习惯就好,0
何必还这样伪装自己呢。,0
#官员调研#很多记者都不敢讲出事情的真相，记者也怕得罪人，也怕丢饭碗。,0
#官员调研#调研什么的全是瞎扯淡，都不过是当官的走形式罢了。,0
#国旗下讨伐教育制度#呃，无语了.........-_-,0
"\""",0
支持！,0
#国旗下讨伐教育制度#呵呵，。。。,0
#国旗下讨伐教育制度#去观赏！！！,0
#国旗下讨伐教育制度#从校方看教育——“江成博同学在不适当的场合，言论不当，用词过激。,0
”学校对他的这种行为进行了“批评教育”，但不会像网上所说对其进行处分。,0
如果没有上网呢，没有微博呢，如果在另外的时空呢？,0
#国旗下讨伐教育制度#可以使人激动一会，然后又能怎样？,0
早麻木了！,0
#国旗下讨伐教育制度#中国现在处于一种上下尊卑分明与平等开放随意的共存时期、教育矛盾重重…,0
#国旗下讨伐教育制度#批评你妹，这是事实!!,0
#国旗下讨伐教育制度#梦想是一个最具价值的，大决战超奥特八兄弟里那个小女孩说，要是世间没有了梦想他也会消失。,0
#国旗下讨伐教育制度#  淘宝：http://url.cn/22peTL    小妹纸u 刚开的小店！,0
#国旗下讨伐教育制度#只要不私下补课。,0
比什么都强。,0
#国旗下讨伐教育制度#压迫的越久，反抗的越狠!,0
/流汗,0
#国旗下讨伐教育制度#利害,0
#国旗下讨伐教育制度#一直想说的,0
其类汉盖绍汉识十汉钟,0
#国旗下讨伐教育制度#不加评注;只求互听,0
#国旗下讨伐教育制度#这是百年教育，适应不了这个变化性的社会，什么样的国家是最具有安全性，有适度，享受生活，创新事物，想新思想！,0
#国旗下讨伐教育制度#小暴脾气,0
#国旗下讨伐教育制度#````,0
#国旗下讨伐教育制度#@,0
但是只有学生自己才会关心自己一辈子要走的路，而不是走一步算一步。,0
#国旗下讨伐教育制度#我觉得中国需要这样的人才！,0
#国旗下讨伐教育制度#很简单的，顺我者昌，逆我者亡，,0
啥时我们的学生都敢这样改;我们也就不用为这可爱的教育方式头痛啦!,0
我们会累死在起跑线上的~,0
向你学习,0
没办法竞争太激烈，一不小心把老师就分流了。,0
老师还要养家呢。,0
#国旗下讨伐教育制度#不知道有没有人有这段视频。,0
繼續上面剛才說的。,0
看一看你我的身边有多少人但凡有条件、有机会的，不都挤破头把自己的子女往国外送吗？,0
#国旗下讨伐教育制度#我勒个去~~犀利啊...,0
因此，我们也应该努力学习~好学生转起来,0
救救孩子,0
#国旗下讨伐教育制度#言论自由，希望象这样敢说实话的人多一点！,0
但现实就是  讲话一群、做事没人,0
#国旗下讨伐教育制度#校方能凭什么处罚？！,0
中国就是少了这种敢说真话的学生。,0
学生又能从中学到多少？,0
#国旗下讨伐教育制度#正常人应该有的行为。,0
应该学习国外好的学习方法！,0
"#国旗下讨伐教育制度#千言万语只化成两个字\""无奈\""",0
#国旗下讨伐教育制度#      应该有点反对意见。,0
偏激点不一定都会带来负面影响，它还说明一些问题...,0
孩子们的理想什么时侯会受到关注？,0
建议每一位朋友都可以看看《三个白痴》这部影片，http://url.cn/4bZYQt,0
哈哈！,0
#国旗下讨伐教育制度#孩子是醒了以后的呼号呢还是为了呼号的呼号呢？,0
真话来自基层，来自牢骚,0
没问题啊，把证据拿出来，拿出来啊！！！,0
你拿啊,0
#韩寒方舟子之争# 看到有些人说韩寒诉讼是心虚，韩爹说话说上阵父子兵，脑子都被门卡了还是本来就有坑。,0
个人认为文学创作本就是一种自由，韩寒文章里面的内容都是可以虚构，也可以是真实，也可以是真实加虚构，正如韩寒说的：吴承恩写西游记，难道他去西天取过经吗？,0
#韩寒方舟子之争#我无聊百度下了方舟子，艾玛原来是老乡啊我家到你那噶不就20分钟车程么？,0
难怪在电视上看到你讲话特别有我们这边的味道。,0
你出名了，为你们云霄争光啊。,0
您老不敢把你的整个家都卖了吧？,0
#韩寒方舟子之争#,0
在南京路上像他那模样的后生抓起来可以组成八个连。,0
百姓多了谈资……,0
信息时代眼球经济，所有人都乐此不疲……,0
#韩寒方舟子之争#韩寒绝对没问题！,0
如果那样都能当作理由而质疑！,0
那么所有作品岂不是都抄袭自千字文！,0
如果那都有代笔！,0
其他写作的人的作品如果像方舟子那样找茬！,0
质疑点必定更多！,0
/n超人,0
这件事情这不明摆着方舟子在没事找事么？,0
他引起公愤了.,0
我们身边那么多该质疑的，拜托你擦亮眼睛好不好？,0
/鼓掌！！,0
钱你拿了，名也出了，妞也泡了，野也撒了，按你的话说逼也装了，把韩粉也弄疯了，明星也拖进去了，范爷已经在转移财产了，大嘴也不敢吭声了，卖罐头的也跑了，而我们则一定要渡江了。,0
/呲牙,0
#韩寒方舟子之争#   方舟子 总是靠质疑一些有名气、没权利的名人，或者道出一些引人注目的所谓“打假”的观点来提高自己的名气。,0
怎么没见他质疑一些对人们息息相关，但是会触及到当权者利益的东西？,0
http://url.cn/43K7mv,0
尤其在全国人民代表大会要召开的这一年。,0
司马昭之心啊。,0
#韩寒方舟子之争#真的如何 假的又如何？,0
我们看的是作品 就算是有代笔又怎样 你看了鸡蛋 难道还要问这鸡怎么生的？,0
什么事情都没有绝对的对与错 ；,0
不然只能是舍本逐末.。,0
所以现在我偏向韩寒,0
如果要选，肯定挺韩寒，先不说他是不是有人代笔。,0
方舟子，我真不知道该说你什么好，明明一个搞生物的，你偏偏来掺一脚，人家出名，人家出书，人家有房有嫚有车有money，那叫本事，你骂他，你写啊？,0
有本事你拿出来啊,0
以前我不认识你，现在我认识你了！,0
http://url.cn/2XU9LU,0
#韩寒方舟子之争#一切都是浮云，此事过后，方舟子得名，韩寒得利。,0
方舟子说韩寒找人代笔，韩寒拿出手稿回应，然后方舟子以手稿干净为由说是誊写不是原稿，那么请问方舟子是不是所有的作家在写作之后就不会把原稿誊写一下呢？,0
#韩寒方舟子之争# 方舟子提出质疑是所有作家都无法自证的。,0
按他的逻辑，所有作家都无法证明那些作品是他自己写的。,0
#韩寒方舟子之争#真好笑！,0
那些起哄的把新仇旧仇一并拉了出来，满口脏话，逮到机会瞎扯蛋，能让哪一个韩迷冷静？,0
满世界的假货工商局不管，假文凭教育局不管，假职称人事局不管，假新闻报道宣传部不管，毒大米毒奶粉地沟油假药假疫苗食品卫生部门不管，弄一个既不专业又无权威私欲膨胀的方舟子打假可笑不？,0
政府部门雇佣五毛颠倒黑白制造假民意方舟子为何不打？,0
这从他的相貌和他的声音就能判断了！,0
可现在他却成了英雄一般，各位可好好思考原因！,0
#韩寒方舟子之争#支持韩寒，韩寒写的书我很喜欢，说他抄袭？,0
方子舟你又写什么让我喜欢的了？,0
[em]e689[/em]：#韩寒方舟子之争#如果韩寒败了，臭了，那么中国的文学创作者们都可以歇笔了，手稿也能造假，身边的人都是伪证，你们还敢写下去么？,0
#韩寒方舟子之争#一个有正常思维的人，都明白他是被包装打造出来的所谓形象代言人。,0
如果你果真是人士，就应该自己面对社会，而不应如此愚弄大众。,0
韩寒人缘这么好，有什么可以质疑的，只有强奸不成反被操的份。,0
好好的不要总想去挑战权威，建议你吧韩寒换成郭敬明~_~！,0
那样你又能做回好人了““““““““““““““““““““““,0
不管别人是真是假，别人有本事混到现在的社会位置，你有什么呢。。,0
只有靠名人上位。。。,0
手稿不能做证据？,0
难道方舟子写的日记也改动N多？,0
又不是公式演算。。。,0
#韩寒方舟子之争# 说起来，方舟子和麦田这两个人，我更恶心麦田。,0
方舟子若是美国人，麦田整个就是日本人……,0
各位童鞋，你更恶心谁？,0
有人代笔一直是他背在身上最重的包袱。,0
#韩寒方舟子之争#如果韩寒败了，臭了，那么中国的文学创作者们都可以歇笔了，手稿也能造假，身边的人都是伪证，你们还敢写下去么？,0
#韩寒方舟子之争#韩寒，一个80后的赛车手，竟被称为著名作家，且不说他有没有做假，敢问哪里来的思想，哪里来的经历；,0
#韩寒方舟子之争#什么都不说了昂…,0
冷静！,0
无花知老果，骗人，人途是非，,0
#韩寒方舟子之争#……,0
想提高知名度就出来诬陷人家。,0
国家培养你这么些年，自己的业务不好好研究。,0
#韩寒方舟子之争#再一次表示，坚决挺韩寒。。。。,0
#韩寒方舟子之争#    四个字。。。,0
方舟子。,0
估计能学会点你不会的。。。。,0
所幸的是这次遭方舟子拍砖，只好现起阿Q精神。,0
鄙视方舟子！,0
鄙视方舟子！！,0
鄙视方舟子！！！！！！！,0
#韩寒方舟子之争#真理往往掌握在少数人手中，但少数人必须服从多数人，何况这根本就是谬论，纯属无稽之谈……,0
#韩寒方舟子之争#方肘子火了吧？,0
更出名了吧？,0
韩寒有和他理论的功夫说不定又写出一本大销的书来呢！,0
是实胜于雄辩！,0
韩寒支持你到底   ！！！,0
不管韩寒是否造假、但就为其作文宗旨是我们必须要支持的,0
#奖状植入广告#唉，希望我以后得的奖状不要植入广告,0
#奖状植入广告#广告从娃娃抓起,0
#奖状植入广告# /吓 /惊讶 /发呆油菜……,0
/疑问,0
#奖状植入广告# 给个奖状就行。,0
#奖状植入广告# 又一个新的媒介,0
#奖状植入广告#   该怎么说那。。。。,0
石家庄（第二）外国语学校的顶起！,0
#奖状植入广告#你随便说几句话不知道就植入多少广告，,0
|||，真的伤不起,0
#奖状植入广告#让小学生了解社会状况未尝不可#新人报到#,0
#奖状植入广告#我没看到奖状啊！,0
??,0
#奖状植入广告#都是有才人,0
#奖状植入广告# 省经费？,0
省给你自己吧？,0
以前我们初中，别人赞助了3万，可学校只用了几千块……,0
其余的哪去了？,0
#奖状植入广告#为了印章这是一个神奇的国度，还有什么不可能的呢。。。。,0
#奖状植入广告#   现在没有不商的空间了,0
#奖状植入广告#学赚广告费从娃娃抓起,0
但我要说的是你植入的广告最好艺术点，还有是植入的广告不要喧宾夺主。,0
#奖状植入广告#我回过头去看自己成长的道路，一天一天地观望，我站在路边上，双手插在风衣的兜里看到无数的人群从我身边面无表情地走过，偶尔有人停下来对我微笑，灿若桃花。,0
我知道这些停留下来的人终究会成为我生命中的温暖，看到他们，我会想起不离不弃,0
#奖状植入广告#广告直接做到你家了。,0
#奖状植入广告# 没有什么稀奇的 我们这幼儿园老是还给小孩发广告呢！,0
#奖状植入广告# 只有想不到没有做不到,0
#奖状植入广告#节省经费？,0
/流泪,0
这以后还怎么办。,0
#奖状植入广告#呃……,0
#奖状植入广告#上不起的广告！,0
#奖状植入广告#狠 /给力,0
/流泪,0
#奖状植入广告#请保护幼小孩子那一片心灵净土。,0
书包和本子背后是否还有其他？……,0
/擦汗#奖状植入广告#  真是植入广告从娃娃抓起..,0
#奖状植入广告# 广告，广而告知，这是本质。,0
#奖状植入广告#- -.一张奖状才多少钱啊。,0
/擦汗,0
#奖状植入广告# 其实、人民币也是毛爷爷给代言的……,0
#奖状植入广告#现在不拿孩子当回事儿，将来他们也不拿你回事儿。,0
#奖状植入广告#商机、投资者看到了商机、,0
#奖状植入广告#。。。。。。。。。。,0
#奖状植入广告#这也行？？？,0
#奖状植入广告#春晚三十年影响还是有的！,0
我要是学生，就再也不做三好学生了。,0
#奖状植入广告#广告在哪？,0
#奖状植入广告#学生商的起,0
#奖状植入广告#被逼无奈呀！,0
#奖状植入广告#今天出门坐公交的时候就看到坐在我旁边的一男子用的这种卡  我当时还笑了  哈哈  真是啊,0
#奖状植入广告#广告？,0
真的很广！！！,0
难道这是和商业的“完美”结合？,0
#奖状植入广告#正常有本事你也去赞助啊，没本事，别吵,0
#奖状植入广告#节约用纸吧,0
#奖状植入广告#让孩子们早点认识社会也很好的嘛，当然广告内容要考虑的,0
#假和尚搂女子#现在的庙都商业化了，少林上市，小庙好多都被人承包掉了。。,0
#假和尚搂女子#tmd;和尚也是男人，是男人就会有需要。,0
你们以为自己比他们好啊？,0
难怪杜甫突然变忙了。,0
/抠鼻,0
#假和尚搂女子# 装和尚求关注啊！,0
#假和尚搂女子#假冒和尚？,0
真是林子大了什么鸟都有，好玩还是借此出名啊？,0
呜呜...,0
都是祖宗无积德啊！,0
#假和尚搂女子#连日来在微博中一直热传两名“和尚”搂着女人逛街、开房的照片。,0
昨日下午这两名因搂女人逛街而在微博上迅速蹿红的假和尚，在法源寺拍照时被寺内僧众认出并报警。,0
目前这对“和尚兄弟”已交由警方处理。,0
哈哈,0
就你们这样的不他们罚你么到吐血    才怪,0
/发怒,0
佛如果真是为普度众生而存在的，那么为什么要让善男信女们对他敬畏呢？,0
而应该是对佛感觉亲切和爱戴的吧。,0
#假和尚搂女子#【两假和尚搂女子逛街，被警察抓获。,0
找什么刺激不好，偏偏假扮和尚。,0
#假和尚搂女子#说个直接点的：和尚与妓女有得一比。,0
妓女再怎么说也是辈自己的本事去挣钱，虽说有违道德，但怎么说也是自食其力啊。,0
而和尚呢，一天到晚宝相威严，一张破嘴愚昧了多少人的思想。,0
在某方面还不如妓女。,0
我鄙视这些人。,0
#假和尚搂女子#嗨，世风日下，人心不古啊。,0
#假和尚搂女子#为了出名吧？,0
黑社会的和尚吧!,0
#假和尚搂女子#。。。,0
#假和尚搂女子# 当今这社会什么都有假的。,0
连行善积德的和尚都拿来假，真是有辱中华民族的之传统美德。,0
/白眼,0
只有羡慕嫉妒了…,0
#90后当教授#恩。,0
终究努力比运气多些。,0
真的要怀疑一下他的含金量了！！,0
至少他证明了九零后不全是脑残！,0
其实年龄不是问题、关键是他是否真的有这个实力？,0
文科类就绝出不了这么年轻的教授。,0
希望心理素质跟知识能划上等号吧~,0
值得大家支持,0
围观一下,0
人都是一个脑袋，怎么有的人脑袋就那么聪明，有的就傻得连自己是谁都不知道，￣￣,0
社会发展必须要有后启之秀，,0
为什么没人站出来和国家说呢！,0
一个国家经济出了问题没关系可要是思想出了问题就不好办了！,0
说话之前考虑清楚在说，别搬了石头砸自己的脚。,0
你敢说你们老人就都是好东西吗，敢说你们的孩子孙子是畜生么，都是，90后。,0
什么东西别一改而论。,0
统则灭绝;承则光大!,0
#90后暴打老人#小心打雷啊，人在做天在看啊！,0
举头三尺有神明啊！,0
有木有想过这曝光后他们以后怎么办？,0
加油…,0
/可爱,0
#90后暴打老人#90后又多了些标签，不能一竿子打翻一船人啊，也不能针对，难道80;70就没有打老人的人，只是非要区分换，非要针对90后,0
#90后暴打老人# 拖出去开车轧会，再挂起来喂狗,0
#90后暴打老人#虽然不能一棍子打一批人。,0
但是这样的事情希望越少越好。,0
一人一句对不起的事！,0
#90后暴打老人#古人说过，子不教???事出必定有因、他们何尝又不是受害者？,0
#90后暴打老人#  素质教育，人们一直在呼吁！,0
为了金钱可以肆意践踏做人的道德底线。,0
为什么在需要援助的弱者面前很多人成了旁观者？,0
#90后暴打老人#他父亲出来道歉算个P 要他们两个小瘪三自己出来道歉,0
#90后暴打老人#为什么要挂上90后 /流汗,0
#90后暴打老人#人与动物最大的区别是会脸红。,0
#90后暴打老人#搞不懂？,0
#90后暴打老人#如果被殴打后，接受道歉就算了，那样下次他们会更会变本加利，一定要接受法律的惩罚．,0
#90后暴打老人#也许他们不会说话;只知道动手.,0
#90后暴打老人#建议这个90后去参加＜变形记＞,0
#90后暴打老人#没想到跟帖的90后居多，90后也在深刻的反省，社会应该多一份宽容和理解。,0
#90后暴打老人#这个视频我看了！,0
出来混就别欺负老人！,0
#90后暴打老人#我们能做的也只是愤愤不平,0
他会不会回家打他爸他妈！,0
是不是也要打他爷爷奶奶？！,0
往深了说，是不是被人家美国佬真的言中了！,0
在一味强调考试分数的今时今日，有哪些学校会在思想品德教育上“浪费”课时。,0
#90后暴打老人#你也有老的一天,0
#90后暴打老人#别把责任都推给教育，老师没叫他们打架，老师天天都要讲不许打架斗殴，他得听才行啊，光靠口头教育，又不能打不能骂，讲理没什么用。,0
回家家长还得教育着 谁打你你就打回来咱不能吃亏！,0
有木有？,0
#90后暴打老人# 为什么不把那几个小孩资料在微博上曝光呢，现在国家不公正，微博上的进步人士还是不少的，大家都贡献点力量，凝聚起来就能改变一些东西，就像药家鑫事件一样，大家一起使劲，把公正的评论传播成大众的心声，老人再不对也不能动手打,0
再不对下一代进行正确的教育，五千年的文明古国，如何自立于世界民族之林？？,0
#90后暴打老人#打老人？,0
这下可好，你暴火了！！,0
暴打之后还要再打……,0
你是一次出名不够，还要再来一次……,0
#90后暴打老人#我们会继续关注老人医药费的支付情况。,0
#90后暴打老人# \r平常心。,0
做平凡事。,0
那不平常心呢？,0
做什么事？,0
#90后暴打老人#注意看谁先动手,0
#90后暴打老人#所以说对孩子还是不能太嬌惯，古人云，惯子如杀子啊！,0
也不想想以后在家禽界怎么混。。。,0
要拘留！,0
要自己出来道歉！,0
#90后暴打老人#真TM想骂三字经……,0
#90后暴打老人#刷死副本蓝boos 黑boos,0
#90后暴打老人#冲动是魔鬼，没有好的沟通，就会有暴力冲突。,0
#90后暴打老人#道歉解决不了问题,0
#六六叫板小三#支持！,0
支持！,0
#六六叫板小三#永远不要忘了，我们已是人类。,0
你看那母猴子，母狮子，，都能自然地让雄性相信自己是“小可爱”。,0
可人类就不行了。,0
装出了，男人也不信。,0
男人的立比多，不能够在你那里充分释放的。,0
这是事实。,0
当然这不是找小三的充分必要理由。,0
可以自己憋着，这也是一法啊。,0
#六六叫板小三#23年的婚姻。,0
却抵挡不住小三的贱肉。,0
同样是女人。,0
女人何必有伤害女人！？,0
而便宜了男人。,0
看到烂货！,0
就不放口！,0
要怪自己的老公吧。,0
/偷笑,0
这种男人不要也罢，有你这样的老婆还去找小三，我相信他还会有不同的小三出现，所以还是趁早放手吧！,0
呵呵呵！,0
#六六叫板小三#,0
支持你六六，捍卫自己的家庭。,0
#六六叫板小三# 六六，你别说你老公爱你多过爱小三了，你老公要是真的爱你，爱这个家又怎么会带小三，退一步说，就算它一时糊涂，也不至于纵容小三吧？,0
你老公要是真爱你的话你又何必发微博了？,0
直接甩了小三不就得了？,0
看他们也能够一起生活23年吗？,0
这么优秀的女人老公不会不珍惜的！,0
#六六叫板小三#我真的无法断定到底谁是谁非，少来夫妻老来伴啊！,0
哪个没有身体出过轨，只要心在家就原谅他吧，能保证以后会碰到如意的吗？,0
还不都大同小异，得过且过吧,0
#六六叫板小三#上得了厅堂，下得了厨房，开得起好车，买得起好房，斗得过小三，打得过流氓。,0
要抓紧人的心，想老公的优点，,0
同时当老婆的一定要爱自己多一点，你都不好好爱自己的话，还会有谁来爱。。。。？？？,0
一个巴掌拍不响，微博战没意思！,0
你老公能经得住诱惑吗？,0
一不小心当了第三者，不觉得愧疚还理直气壮来了，唉…,0
#六六叫板小三#哎。。。。,0
如果你不是个疯子，就不应该跟那些个的女人玩老公保卫战，还公开挑战， ………,0
或许这是你的‘手段’！,0
如果换成我…,0
六六，我喜欢你。,0
正房永远都是有震撼力的。,0
希望那些正做着贱小三的女人多点自爱吧。,0
小三永远上不了堂的！,0
打倒小三，加油！,0
/奋斗,0
#六六叫板小三#你是我的偶像啊！,0
还是自己男人不争气。,0
干嘛作贱自己？,0
有一次出轨就会有第二次，男人不能惯的,0
不然小三不会靠过去的。,0
希望六六战胜小三。,0
你们俩应该联合起来，把它踢出去。,0
#六六叫板小三#支持，希望你老公能够做回男人站出来去给她说清楚，不得不说，现在不是男人坏了，变了。,0
#六六叫板小三#找个小四来惩罚下小三。,0
今天 19:19 来自手机腾讯网...,0
昨天 09:46 来自腾讯微博,0
看好自己身边人才是主要的。,0
已经这样了，想想别的办法了。,0
不过还是很支持你的,0
太累了。,0
#六六叫板小三#给男人擦屁股很伟大嗦？,0
尊重是互相的，既然她都不要脸了，不尊重你们夫妻的感情，你尊重她干嘛？,0
强烈要求小三门自重，还我们一片纯洁的社会。,0
有时，我也想看看小三变成新的女主人。,0
感觉好像在玩阴的,0
他应该更爱偶得吧，如果没有偶得……,0
#六六叫板小三#我支持你！,0
六六！,0
如果真的喜欢一个人，会在背后默默地注视着他，为他的成功而高兴，为他的失意而伤感！,0
真正的感情是拥有而不是占有！,0
而这样公然叫嚣的一类，无非借机成名罢了！,0
#六六叫板小三#这事为什么做老公的不站出来保护老婆？,0
不就是因为这个老公宠着那小三，小三才那么嚣张的吗？,0
#六六叫板小三#到底是男人经不住诱惑，还是女人耐不住寂寞，即使再喜欢也不当小三，这是做人的道德准则。。。,0
这个社会。。。,0
是人就做不出这样的事，这样不要脸的人活着只会给这个世界抹黑.要么转正，在有小四、小五岀现,0
VS#经典电影台词#长得美不是女人的错，是男人贱，控制不了自己，,0
/咖啡,0
不吵不闹！,0
你难道没看&lt;蜗居&gt;吗？,0
做了总要还的，三们，等着吧！,0
事后还都是人家小三错了，什么人阿,0
真想再跟小日本再来一次！！！,0
#名古屋市长否认南京大屠杀#哎，美国同志们，你们也可以否认投过两颗原子弹的,0
#名古屋市长否认南京大屠杀#是人都会这样！,0
又何况是小日本呢？,0
#名古屋市长否认南京大屠杀#派个特工秘秘潜入，干掉狗日的,0
#名古屋市长否认南京大屠杀#谴责，循环多次谴责中。。。。,0
#名古屋市长否认南京大屠杀#灭了岛国 女优留下,0
以牙还牙。,0
#名古屋市长否认南京大屠杀#无视中国,0
#名古屋市长否认南京大屠杀#直接攻下来算了,0
#名古屋市长否认南京大屠杀#犯我中华者，虽远必诛.......,0
#名古屋市长否认南京大屠杀#扁死他,0
#名古屋市长否认南京大屠杀#美,0
#名古屋市长否认南京大屠杀#乖乖隆地洞,0
#名古屋市长否认南京大屠杀#只能说无奈,0
#名古屋市长否认南京大屠杀#，不是吧,0
#名古屋市长否认南京大屠杀#刚在南京近距离感受了南京大屠杀的国耻……,0
日本就闹这么一出……,0
历史如果可以这么轻易被否认，日本是不是早应该被灭N多次了呢？！,0
#名古屋市长否认南京大屠杀#wo  li  ge  qu,0
#名古屋市长否认南京大屠杀#事实已定，不必争议,0
#名古屋市长否认南京大屠杀#呵。,0
#名古屋市长否认南京大屠杀#事实是不会改变的,0
#名古屋市长否认南京大屠杀#哎，本来作为一名普通的老百姓来说，我是不能给予任何评价的哈！！！,0
#名古屋市长否认南京大屠杀#唉。。。。。。。。。,0
#名古屋市长否认南京大屠杀#你的情绪牵动着我的思绪~!~!,0
#名古屋市长否认南京大屠杀#有钱就该去日本。,0
#名古屋市长否认南京大屠杀#muyou,0
#名古屋市长否认南京大屠杀# /发怒 真他妈操蛋,0
/发怒,0
#名古屋市长否认南京大屠杀#把狗日的都屠掉,0
#名古屋市长否认南京大屠杀#行动,0
#名古屋市长否认南京大屠杀#中国快快灭了小日本吧。,0
#名古屋市长否认南京大屠杀# 可以去死了咩~,0
劈的世界上没有日本这个地方...,0
#名古屋市长否认南京大屠杀#求道歉！！,0
#名古屋市长否认南京大屠杀#南京——做为当年中国的首都，30万无辜的民众被杀。,0
我认为南京世代不应与日本的任何一座城市建立友好关系。,0
可以欢迎他们的友好访团，但绝不能与他们建立友好，因为这是不可磨灭的痛！,0
#名古屋市长否认南京大屠杀#我哪知道,0
#名古屋市长否认南京大屠杀#@！,0
@！！！！！,0
#名古屋市长否认南京大屠杀#行动,0
抵制日货！,0
拿上枪炮 死亦何欢呢,0
#名古屋市长否认南京大屠杀#恩。。。。,0
#名古屋市长否认南京大屠杀#又不是第一次这么说,0
#名古屋市长否认南京大屠杀#klklklk,0
#名古屋市长否认南京大屠杀#我们真的不应该让日本货横行中国,0
#名古屋市长否认南京大屠杀#都过去了，何必那么斤斤计较。,0
并不是所有的人都是那个样子,0
#名古屋市长否认南京大屠杀#承认了又能怎么样,0
#名古屋市长否认南京大屠杀#打到他承认,0
#名古屋市长否认南京大屠杀#历史。,0
改变不了。,0
#名古屋市长否认南京大屠杀#忍无可忍的时候无需再忍了！~,0
#日本你听着-.# http://url.cn/3coPuV,0
#名古屋市长否认南京大屠杀#中国的同胞们,0
邓小平,0
#名古屋市长否认南京大屠杀#真不知道他们靖国神社里供奉的所谓英雄都是怎么写的生平?,0
"难道不是\""在侵华战争中杀敌无数",0
#名古屋市长否认南京大屠杀#日本怎么还不来海啸呢！,0
#名古屋市长否认南京大屠杀#现在就是灭日本最好时机~,0
#名古屋市长否认南京大屠杀#应该强硬啊，谴责能当饭吃麽,0
#名古屋市长否认南京大屠杀#发奋,0
五年了唉。,0
/发怒,0
#彭宇承认撞了南京老太#   真撞了吗？,0
真相为什么总是被蒙蔽？,0
假亦真是真亦假……,0
靠！,0
#彭宇承认撞了南京老太#真的累了？,0
在大是大非面前，即使彭宇没有撞到这位南京老太，他也会“承认”的。,0
#彭宇承认撞了南京老太# 真相只有一个！,0
但是，是哪个呢？,0
#彭宇承认撞了南京老太#新闻里还说，政府要求他们双方从此不得在各种媒体报道网络等处再提此事。,0
说白了，要不是杀人犯法，就差灭口了。,0
彭宇成了哑巴人，装与没装永远说不清楚。,0
但有一点肯定。,0
现在才来挽救这些……,0
#彭宇承认撞了南京老太#真相为啥就来的这么迟尼？,0
#彭宇承认撞了南京老太# /擦汗 /鼓掌 /差劲,0
#彭宇承认撞了南京老太#警方丢失了事发时对双方的询问笔录；,0
法官根据“日常生活经验”和“社会情理”分析来判案。,0
#彭宇承认撞了南京老太#    彭宇，赶快逃离南京，不然你死无葬生之地。,0
你信不信？,0
反正我是信了？！,0
如果真的撞人了，花了几万块的医药费，怎么可能收人家一万块了事？,0
只有撞与不撞，只有负责医药费与无责两种！！,0
#彭宇承认撞了南京老太#我们都分不清孰真孰假了。。。,0
#彭宇承认撞了南京老太#不管你信不信，反正我谁也不信了,0
#彭宇承认撞了南京老太#是抄做吗？,0
#彭宇承认撞了南京老太#嘛事都有,0
#彭宇承认撞了南京老太#居然丢了什么记录、、、、、、、嗨~~~~,0
政府还是其他。。。。,0
我们丢失的是什么？,0
#彭宇承认撞了南京老太# 我了个去,0
#彭宇承认撞了南京老太# /衰,0
拿出证据来。,0
盖子悟了5年，早干嘛去了？,0
"#彭宇承认撞了南京老太#\""在得知原告申请调取的事发当日城中派出所接处警的询问笔录已丢失时\""",0
#彭宇承认撞了南京老太#一句话,0
#彭宇承认撞了南京老太#哼，老太的儿子干什么的，关键证物怎么丢失的？,0
这问题解决了吗？,0
既然当初真是彭宇撞的人，为什么现在才出来澄清？,0
既然法律认定了彭宇的过失，那彭宇就应该全额赔偿，赔个一万算什么事情？,0
都不提证据都没一个光凭几个与本案还脱不了干系的证人口供就能断案这种事了……,0
#彭宇承认撞了南京老太#孰是孰非已经不重要了，已经有问题被发现，那么如何解决它，这才是重中之重。。。,0
 媒体，你们说了算！,0
,0
#彭宇承认撞了南京老太#钱款已退，后款补请，只要出来说句话，大家好商量。,0
#彭宇承认撞了南京老太#想要挽回目前民间道德信心吗？,0
值得深思和探讨！,0
#彭宇承认撞了南京老太#刘XX表示，“彭宇案”的负面效应，是许多当事者始料不及的。,0
作为彭宇应引以为戒，深刻反思和汲取教训，努力提高见义勇为和驾驶水平，营造良好的社会道德环境。,0
判你或者不判你，法律就在那里，有种告去！,0
#彭宇承认撞了南京老太#: 怕社会“道德滑坡”,0
#彭宇承认撞了南京老太#政府想证明什么呢。。,0
想挽回什么？,0
#彭宇承认撞了南京老太#历史，总是掌握历史的人书写的！,0
#彭宇承认撞了南京老太#    明显是老太急这，彭宇下车，把彭宇撞了。。。。。,0
这老太要跑的多快多急啊，下车肯定都是很慢的！！！,0
#彭宇承认撞了南京老太# 社会的压破，舆论的压力………,0
#彭宇承认撞了南京老太#志伟哥，杀了一个彭宇案，还有千千万万个彭宇案啊！！,0
#彭宇承认撞了南京老太#估计是被和谐了,0
应该好好反思了！,0
#彭宇承认撞了南京老太#被承认了！,0
#彭宇承认撞了南京老太# /抓狂 /抓狂/抓狂 /抓狂/抓狂 /抓/抓狂 /抓狂狂/抓狂 /抓狂,0
#彭宇承认撞了南京老太#真的撞人假的撞人只有当事人知道。,0
#彭宇承认撞了南京老太#很简单，被和谐了嘛。。。,0
360总是喜欢怀疑别人的软件有病毒,0
#苹果封杀360#我无所谓…,0
只要给大众好用得技术…,0
就行…,0
别的不考虑…,0
#苹果封杀360#真的吗？,0
还是你们搞错啦！,0
#苹果封杀360# 打打打，最好都免费赠送还倒贴！,0
#苹果封杀360#……,0
360出问题了吧？,0
#苹果封杀360#这是想让国人都不用360吗？,0
/菜刀#苹果封杀360#这次是苹果大战360！,0
关注中。。。,0
#苹果封杀360#吵去吧，晴天一声霹雳，互粉妹子有木有/呲牙，坐等真相，那些傻逼来傻逼去的同志们，不懂城门失火，殃及池鱼的道理？,0
双方利益纠纷，我至今没懂企鹅和360谁赢了,0
#苹果封杀360# 清者自清，浊者自浊。,0
你懂的！,0
#苹果封杀360#这应该是苹果和微软之间的事啦,0
#苹果封杀360#从周鸿伟做互联网开始,0
#苹果封杀360#什么都不懂……,0
#苹果封杀360#专封杀中国公司,0
从有电脑开始就用。,0
#苹果封杀360#　360无线产品将重新上架。,0
根据360与苹果公司的电话沟通，360的无线产品无需做任何修改，将在未来48小时到72小时内重新在苹果应用商店上架。,0
#苹果封杀360#我想知道这次的动机是什么？,0
纯粹的炒作吗?,0
#苹果封杀360#诺基亚2610强势路过……,0
#苹果封杀360#与我无关，反正我也不用苹果。,0
看很多人的评论，根本不知道苹果的appstore和360是什么关系，就毅然支持了360。,0
国产机都适用  。。。,0
#苹果封杀360#贫民的东西怎么这么难发展啊，国内打打就算了，国外的凑什么热闹，是中国人的话，就应该封杀苹果，支持360，关键时刻必须一致对外！！！,0
3Q到3A所有人都是各执己建，结果是轰轰烈烈的把名声打出去了，消费者永远在舆论下生活。,0
#苹果封杀360#无所谓谁的错。,0
自己软件不行就以其他原因来掩盖。,0
刻不容缓,0
#苹果封杀360#哦我说不见了,0
#苹果封杀360#要是360窃取用户隐私属实，那么就应该鄙视它，要理性的看这个问题。,0
虽然我用的是App,0
切！,0
以后造个拉登牌的手机。,0
吓吓你们,0
#皮鞋果冻#把各式各样造假的东西拿出来，估计可以开个科技展览会了。,0
#皮鞋果冻# - -...,0
很多食品存在的危害还是没少见...,0
#皮鞋果冻#不敢吃。,0
#皮鞋果冻#这个世界，我们还能够相信什么？,0
、、,0
哇咔咔，不过偶不素很稀饭果冻……,0
就那么一点点而已！,0
#皮鞋果冻#中午买斤把草莓被告知是催熟剂催红的，回家最好不给小孩吃。,0
#皮鞋果冻#哎呀 怎么说呢  ！,0
#皮鞋果冻#oh天哪，以后还有什么可以吃的吗？,0
#皮鞋果冻#……,0
坚决不吃,0
#皮鞋果冻#现在中国还有什么东西是能够吃。,0
能够让我们放心的？,0
怎么都没有人查？,0
就只看见砖家出来帮厂商说话。,0
根本不把人民的身体健康放在眼里。。。。,0
其实像这些在食品方面造假的都应该枪毙,0
#皮鞋果冻#三聚氰胺、瘦肉精、地沟油、苏丹红、工业明胶……,0
食品安全问题和生活必需品涨价，如此重大的影响社会和谐的因素，却是在媒体上禁言的。,0
信不信由你,0
/呲牙,0
#皮鞋果冻#小时候吃过果冻，现在早就不吃了...,0
知道了不吃，不知道呢？,0
#皮鞋果冻#=。,0
#皮鞋果冻#哎，这样的食品添加剂事件还少吗？,0
这句话现在的这么说：今年你心黑了没有！,0
/擦汗,0
#皮鞋果冻# 大家 别吃果冻了。,0
#皮鞋果冻#惊人的发现啊！,0
挨千刀的啊。,0
以后不要再乱扔鞋啦。,0
到处都是~~~~~  没法过了！,0
TMD，没人管吗？,0
天时地利好就了不起了，上天了！,0
#三亚春节宰客#三亚湾的顺源大排档一样宰你没商量。,0
说句公道话：没有美国就没有现在的中国，是属大日本国了。,0
腐败政府：要让每一个中国人活得幸福而有尊严；,0
让人民感到安全有保障；,0
让社会实现公平正义；,0
让每个人对未来有信心。,0
不管你信不信，反正我信了！,0
#三亚春节宰客# 海南网友别介意。,0
此事和当地人民无关，和政府有关！,0
各个国家为中国游客绿色通道准备好了没有；,0
别说不提醒你们哦 /呲牙，出国旅游比神州游便宜,0
#三亚春节宰客#三亚。,0
#三亚春节宰客#这是在挑战整个社会的道德底线，官商勾结，有点脑子的人都能想得明白。,0
只能说明大多数人无所谓。,0
只要宰了还有人去，政府收益，商人获利，游客随意，那么为什么不宰？,0
这种人挨宰了最多在网上吼两声，完了也就过去了。,0
/撇嘴,0
还是有自身利益牵涉其中？,0
#三亚春节宰客#1、当地政府如果不借此机会严肃认真整顿的话，会引起游客的不信任，三亚乃至整个海南旅游业将受到重创。,0
到三亚的人大多是回头客、侯鸟族，到时没了客源，受伤的是你们自己。,0
#三亚春节宰客#三亚消费真得有人出来管管，去过三亚的人十有十个都说“消费高”，还用什么“三亚宣传部长发言：损坏三亚形象要追究法律责任”，呸！,0
身正不怕影子歪，吓唬谁呢？,0
绝对相信这账单是真的~！,0
并认真处理！,0
#三亚春节宰客#三亚宰客并不是现在才有的现象，早好多年一直就存在在那儿，只是这次离谱的宰客被大家所曝光而已，不用大惊小怪的，真的。,0
建议大家都别去海南，反正消费钱财差不多，为什么不去海外东南亚国家领略异国的热带海外风情呢！？,0
#三亚春节宰客#当地的政府部门这么做的用意是什么？,0
掩耳盗铃？,0
越抹越黑？,0
还是让游客永远不去三亚？,0
#三亚春节宰客#真是………,0
唉！！！！,0
这样的事情在网络和电视上公布，肯定会对三亚的形象大打折扣！,0
或者把它割让给美国，也许能发展成第二个拉斯维加斯。,0
只有暴露出弊端我们才能更好的解决！,0
只有解决海南的旅游环境才能走向成熟！,0
#三亚春节宰客# 规范旅游市场应该从三亚做起。,0
罚50万就不了了之了吗？,0
我们这儿有一句俗语，不太文明，但话糙理不糙，有些人劣根性，軟的欺，硬的怕，見了混混就跪下，逆耒順受，委屈求全，推聋装哑，長此下去，坏人有恃无恐，更加猖狂，你受了欺圧，为什么不反抗？,0
回乡之后也可以投诉，你纵容犯罪,0
#三亚春节宰客#在中国，只要是对客人的，能卖钱、能换钱、能来钱的，不管是旅游景区还是商场，现在，还能找得出有不宰客的吗？！,0
还有，举凡是中国的垄断企业、不是垄断的中国企业、商家，还能有不宰客的吗？！,0
#三亚春节宰客#不是真的才怪。,0
中国人何必为难中国人呢,0
钱固然重要，但买不来素质。,0
/流泪#三亚春节宰客#对于恶意攻击三亚的人，将依法追究责任--------好可怕呀！！！！,0
会不会又来个异地抓人呢？？？？,0
摘掉他们头上的乌纱帽就OK了！,0
别自由行游，跟团走要好点。,0
#三亚春节宰客#我到三亚也被宰过……,0
#三亚春节宰客#当然被宰过，他们还是一条龙，出租司机、开饭店，遇到游客想吃海鲜，就专门往宰人的地方拉。,0
个例反映的是行业内部的范指，应该好好地规范！！,0
你们调查了？,0
#三亚春节宰客#这就是我昨天结束三亚之旅的感受。,0
治理海南只有请薄熙来这样的领导人才有希望，其他领导人对海南的顽症没有良方，治不了，您不信，走着瞧，10年内还是这样污浊的旅游环境和空气。,0
一味为了经济效益。,0
支持三亚独立算了，以后去得签证,0
#三亚春节宰客#冰冻三尺非一日之寒，海南旅游被宰不是新话题，多年前就是这样，只是这次被披露出来。,0
#三亚春节宰客#他要是敢宰我，我就先把他宰了！,0
/右哼哼,0
以前靠卖玳瑁、珍珠、珊瑚等旅游纪念品宰客，现在在吃的上面宰客最多。,0
当然，其他旅游景点宰客情况也不少，就连那些景区门票价格也可以称得上是宰人了。,0
有次家人去三清山旅游，两只鸭1600元。,0
还没有检查自己的问题，就已经想到了先来威胁受害者了——尽管这个受害者还只能称为“受害嫌疑人”,0
#三亚春节宰客#纠其根源，管理只是一方面，更深层的意义大家可能忽略了！,0
就像办事不送礼大家都感觉不正常一下，只是把不正常的事给正常化了！,0
不光是三亚，国内很多著名旅游圣地都有这样的情况！,0
有些大城市高档饭店一桌动不动就上万，其实按比例不比这低多少，可能大家关注点有些过偏了，需要理智些考虑,0
#三亚春节宰客#自1999年以来我先后六次去三亚，最近一次是11年12月。,0
个体商户克扣斤两；,0
有吧？,0
难道有了就连你们的人带你们全家一起骂进去？,0
谢谢了。,0
#三亚春节宰客#这海岛渔村是不是2010年被封了，说以后不许开餐饮点，没过几个月就又开了的？,0
谁去谁混蛋，谁买谁活该。,0
会不会与害群之马串通一气？,0
问题还是在政府，如何倡导人的教育，如何约束不良行为，......。,0
天南地北一个样。,0
#食用油涨价##油你涨#听说地沟油不涨价，我们在外面吃快餐，大排档吃饭。,0
应该不会有太大的影响,0
#食用油涨价# 涨价就涨价吧,0
#食用油涨价##油你涨#少吃油有利身体健康！,0
每人都少一点油，让他们涨去吧！,0
/鄙视,0
#食用油涨价##油你涨#不吃油了。。。,0
/弱,0
#食用油涨价##油你涨#物价又上涨了！,0
#食用油涨价#那就少吃点油吗，省钱又健康。,0
#食用油涨价##油你涨#都涨吧，希望在猛些！,0
#食用油涨价#又涨价了！,0
#食用油涨价#收入上去了，生活好过了，关注健康了，食用油涨点问题不大，但愿质量也能跟上，不要因为油价上去了，地沟油反倒多吃了。。,0
#食用油涨价##油你涨#唉！,0
#食用油涨价##油你涨#饭店菜价得跟着涨吧？,0
地沟油都能跟着涨！,0
我倒还不想吃了呢！,0
#食用油涨价##油你涨#希望政府做出相应的调控和补贴,0
#食用油涨价#你能阻止得了食用油涨价吗?,0
/擦汗,0
#食用油涨价#是时代在发展   还是社会在进步  !,0
#食用油涨价#少油低盐健康饮食,0
/大哭,0
#食用油涨价#偶家做菜已经鸡精啊味精啊不放，既经济又健康，看来油水也要少放再少放，估摸着也可以省点银子，也健康。,0
#食用油涨价##油你涨#好多人都去搞房地产了。,0
#食用油涨价##油你涨#除了人  世界上的一切 都涨价了,0
#食用油涨价##油你涨#开始吃素。,0
/流泪,0
正常的油又涨价了。,0
我在想，食用油的价格走高，是否对某些无良商家选用地沟油起到间接的推动作用呢？,0
如果油你涨能变成油你降，再辅之以对地沟油的严厉打击，地沟油就不会那么猖狂了。,0
#食用油涨价#自己回老家种大豆去。,0
#食用油涨价#涨了在跌，跌了涨在涨，老百姓习惯了。,0
#食用油涨价#希望快点下价,0
#食用油涨价#食用油应该涨价高些，这样是对农民好些。,0
#食用油涨价##油你涨#工资怎么不涨点,0
#食用油涨价##油你涨#就是通货膨胀，没别的原因。,0
#食用油涨价##油你涨#地沟油可以再次大势活动了,0
#食用油涨价##油你涨#涨价是迟早的事，现在什么没有涨。,0
#食用油涨价#以后还是吃地沟油吧。。,0
#食用油涨价#哎  我们老百姓又有苦日子了,0
#食用油涨价##油你涨#地沟油都涨了。。。。。,0
#食用油涨价#一直震撼着我们。,0
#食用油涨价#涨涨更健康,0
#食用油涨价#这样下去，餐饮行业不用”地沟油“真的无法盈利。,0
#洗碗工留剩菜被开除#可怜天下父母心。,0
难道酒店的领导层不是为人父母也不会为人父母。,0
#洗碗工留剩菜被开除#现实版 朱门酒肉臭路有冻死骨   有错吗？？？？,0
#洗碗工留剩菜被开除#制度应该被严格的执行。,0
酒店因该有智慧解决这个矛盾。,0
是社会的进步还是到退,0
#洗碗工留剩菜被开除#人没人性，天没天理！,0
应该狠批这个酒店。,0
我看到这个真的很愤怒，谁不是这么穷过来的，不给别人活路真想逼死她啊，她家条件肯定也不好啊，真是太气氛了，穷人是不是都得死啊？,0
#洗碗工留剩菜被开除#朱门酒肉臭 路有冻死骨！,0
#洗碗工留剩菜被开除#如果因为这样就要被开除未免太不可思议了！,0
如果违反了公司的规定，也不至于让人丢了饭碗！,0
再者这个规定本身不合理。,0
建议打官司，告他诽谤！,0
再说了，客人剩下的，和客人在你们酒店里拉出来的，你们经理都要拿回家给老婆孩子吃呢，你这不是抢你老板的饭吗？,0
那他还能容你？,0
#洗碗工留剩菜被开除#我还看过有的服务员收桌子的时候吃剩下的的菜和饮料，这位母亲只是拿准备扔掉的食物也算是盗窃吗？,0
这酒店！！,0
#洗碗工留剩菜被开除#人家有错吗?,0
以前勤俭节约的老传统都上哪儿去了。,0
/敲打,0
#洗碗工留剩菜被开除#这酒店就是这样来对待员工的吗？,0
愿这位女工早日加入无限极事业，让自己的儿子得到健康，同样成就健康美丽的人生，,0
#洗碗工留剩菜被开除#操…,0
#洗碗工留剩菜被开除#既然都不要了，她拿走，也不差哈！,0
强烈建议扒掉他的五星，连这么一点浅显的道理都不懂，肯定也没有什么先进的管理理念，别丢了南京的脸。,0
难道这个老板是要把这剩菜拿回给他妈妈吃吗？,0
是不会得到申诉的！,0
富人不知道穷人苦。,0
万一顾客有什么病呢？,0
我号召大家不要去这家酒店去消费！,0
有待政府和有关领导关注…,0
这样的酒店你敢去吗？,0
反正我是不敢去！,0
/发怒,0
这个饭店浪费的问题不知道是国家那个有关部门管，也不管管,0
#洗碗工留剩菜被开除#唉。。。。。。。。,0
唉。。。。。。。,0
国家领导应该把浪费行为列入法律法规上来,0
#洗碗工留剩菜被开除#他们永远不会知道最底层人的生活状态，他们也永远不会理解“朱门酒肉臭路有冻死骨！,0
她也不容易，给教育就行了吧！,0
我已经无语了。,0
微博助手推荐收听@11,0
就像是一颗古树，外表完好，内部却是腐烂的。,0
#洗碗工留剩菜被开除#富人的东西、即使是垃圾也属于富人自己的。,0
穷人检垃圾也属于拿了富人的东西。,0
这是富人不允许的、咱们老百姓和穷人就这个命,0
#洗碗工留剩菜被开除#唉！！！,0
叹世道乱，人心更乱。,0
可怜天下父母心啊！,0
都不会体谅，做警告不就行了吗？,0
何必开除呢？,0
真不知道那五星级的酒店是怎么开起来的？？？,0
#洗碗工留剩菜被开除#朱门酒肉臭，路有冻死骨！,0
规定是死的，可人情味不应该淡漠呀！,0
#洗碗工留剩菜被开除#哎，这就是世态炎凉啊！,0
连要倒掉的剩菜也不给穷苦人吃一口啊！,0
坚决抵制！,0
/拳头,0
宁愿把东西倒掉，也不給人吃。,0
你们可知道对于经济困难的人群，往往一天一个馒头就能使人生存下去的希望。,0
你们不仅为她所做的感到同情，反而让她断了生活来源。,0
建议酒店内的其它员工集体辞职，与其被这样一群狼心狗肺的人管着，不如回到人间过人的生活。,0
这样的事情发生在中国不奇怪！,0
女人为了孩子去偷盗人家要倒掉的饭菜。。,0
酒店浪费的不仅仅只是几盘菜，还有尊严。,0
酒店开除打工妇女太不讲情面了，毕竟打工妇女已经干了四年了，给严重警告总比开除有情面吧。。。,0
这世道是没有人情味的。。。,0
只有利益。。。,0
你们说呢？？？？,0
酒店需要制度维持，窘迫需要关怀温暖。,0
剩菜与其倒掉不如拿来救济，既发挥的剩余价值又做到了人性关怀，不管从经济角度，道德角度，管理角度来说都是不科学的笨办法，然后再说开除，若你不是你爱人的初恋你是否也将其开除？,0
我就纳闷了  这阿姨未经物主允许拿走食物  就是侵害了他人财产权- -。,0
肯定是盗窃。,0
盗窃这个事实是客观存在的，不会因为她是为了儿子或者为了女儿而改变。,0
更无关贫穷和富有。,0
还有那些说人情大于规矩的人 你们想过规矩被破坏导致的后果么。,0
#洗碗工留剩菜被开除#浪费资源还不算，还把人开了。,0
现在的有钱人啊。,0
现实就是这样。,0
底层大众，怎做多有点不符合情理的；,0
多过头了！,0
#洗碗工留剩菜被开除#不是说创建和谐社会吗？,0
节约粮食爱护自己的孩子也有错吗？,0
假如哪天老板破产了沦落到那个地步了不也一样吗？,0
#洗碗工留剩菜被开除#求酒店名称...,0
#洗碗工留剩菜被开除#呸！,0
穷人活着就受罪啊,0
#学雷锋被钓鱼执法#好人难做啊、,0
#学雷锋被钓鱼执法#是不是学雷锋不好说，但被钩鱼应该是真的,0
#学雷锋被钓鱼执法#如果要是真的做好事，要事先声明不要钱，那样执法人员就不会上你的车了，还是你想捡便宜，反而害了自己,0
#学雷锋被钓鱼执法#在执法的背后是什么？,0
经济链吧！,0
首次为什么不是教育为主？,0
而是巨额罚款呢？,0
人家做好事要被罚，社会一定要走向冷漠吗？,0
#学雷锋被钓鱼执法#这个跟学雷锋 扯不上 ！,0
司机啊你学什么雷锋哦、我同情你可我也是老百姓无能为力额！,0
2429/激动#学雷锋被钓鱼执法#瑭s欳s鬢i垞7玫N脢g讜i區e垵0煞p粢p该5艝h礅L譱S敊f萌c嚾N晔1檬p,0
#学雷锋被钓鱼执法#  某公司职员每天开车上班，附近两同事与之约定，每月100元，顺路接送他们上下班，这比搭公车方便又省时，请问也是非法吗？,0
#学雷锋被钓鱼执法#  有次去北京在静海车站候车，碰见一位自我介绍市运管处的，在哪查好像是超载吧，此人年龄和我差不多50多岁，手里拿着个茶杯在哪骂社会不公平呢，我问他每月工资多少，答曰6000多元，我说我跟党干了40多年了什么也没捞着，现在养老保险还得自己交呢，我还喊万岁呢，你是怎么了，,0
#学雷锋被钓鱼执法#是第一次吗？,0
看看再说,0
#学雷锋被钓鱼执法#x,0
#学雷锋被钓鱼执法#你怎么看钓鱼执法？,0
（单选）钓鱼执法容易误伤雷锋861(33.67%)打不到车拼车不行吗414(16.19%)打破垄断，黑车合法化936(36.61%)应该治理黑车346(13.53%),0
#学雷锋被钓鱼执法#被服儒雅，行若狗彘者海了去了。,0
我双目迷茫看不清真相,0
#学雷锋被钓鱼执法#所以说好事不能随便做吧~,0
#学雷锋被钓鱼执法#是不是车主想赚点外快啊？,0
不然别人说25的时候，怎么不拒绝或者说清楚，而是叫上车了。。,0
不能吗？,0
那我无话可说了。,0
http://url.cn/1x0Q19,0
2533/委屈#学雷锋被钓鱼执法#玵A铡g锆e啇x赲X癝L僶f薯M铻i榡n甜X挼B鮙Q藠3香J膴2鱮p簑E珄B郄U,0
#学雷锋被钓鱼执法#实拍：上海地铁豪放美女，当众换衣吸引眼球，旁边的乘客都看傻了.....,0
http://url.cn/1bAHUp   求扩散！！！,0
分享！！,0
人肉此女子！！！,0
#学雷锋被钓鱼执法#····,0
#学雷锋被钓鱼执法# /敲打 /猪头 /弱,0
#学雷锋被钓鱼执法#你要是当时给执法人员每人500块钱，还会有这个新闻发生吗？,0
如果你的内心还保留着几分柔软，想做点什么，建议随身携带个面罩、变身套装啥的，首推蜘蛛人、蝙蝠侠套装，奥特曼面具也不错，淘宝有卖哦~亲~,0
/疑问#学雷锋被钓鱼执法# /疑问,0
在法院审理中，他和你是平手，他没有证据！,0
#学雷锋被钓鱼执法#自己的车想载谁是应有的自由！,0
关键不在于如何执法，而是“法”是否合理！,0
那一年井空还是处女，冠希还没有相机，李刚还没有儿子，菊花只是一种花，企鹅还不是QQ，2B只是铅笔，杯具是用来刷牙的，楼房是用来住的，黄瓜香蕉只是用来吃的，教授还不是叫兽，太阳还不叫日;二也只是个数字;鸭梨还没有这么大;肚子大了还知道是谁的;但现在一切都变了，#男性被侵害##学雷锋被钓鱼执法#,0
#学雷锋被钓鱼执法#今天由两条路可行，一条是学雷锋、一条是学贪官,0
#学雷锋被钓鱼执法#有没有录音证明呢，证据不足，口说无凭,0
#学雷锋被钓鱼执法#哈哈，黑路遇骗子，骗子被骗子给骗咯。,0
人家你情我愿。,0
收钱又何妨？！,0
#学雷锋被钓鱼执法#坚决不做好人,0
何来执法直说啊？,0
#学雷锋被钓鱼执法#一般黑车也是出于生活拮裾，生活有困难才迫于贴补生活。,0
是不是应该理性处理呢？,0
#学雷锋被钓鱼执法#我前几天才说什么来的？,0
朋友们，你今天冷漠了吗？,0
#学雷锋被钓鱼执法#是孰非，谁能看得清？,0
反正我不会随便带人，钓鱼的那么多，谁知道哪天就说不定碰到了呢。,0
对了，不是闲着钓鱼的，是公开讹诈的太多。,0
#欧冠##学雷锋被钓鱼执法#全球热门排行榜被钓几率是90%。,0
在生活中你是一个容易被钓鱼的人吗？,0
你的被钓鱼指数有多高？,0
测试网址http://url.cn/1AcPZO,0
#学雷锋被钓鱼执法#   你这事应该是件正常的想挣点小钱，谁知点背遇到执法的了，不要狡辩，你学什么雷锋，你就是没有办法，油价高呀，应该让你挣。,0
如果是我当时就把车开到河里淹死他们，你会游泳吗？,0
呵呵呵,0
#学雷锋被钓鱼执法#呵呵，要知道，自从2008年4万亿之后，地方政府债务缠身，有些甚至频临破产边缘，不少地方的行政事业单位，凡是有收费罚款权限的，一律不拨付财政经费，自谋生路。,0
#学雷锋被钓鱼执法#小灰灰：爸爸，今天在街上有一个人摔了个仰面朝天，引得周围的人哈哈大笑，只有我一个人笑不出来。,0
灰太狼：想不到你这个小子倒颇有同情心。,0
小灰灰：那个摔倒的人就是我呀！,0
灰太狼：……,0
再者说车是我花钱买的。,0
燃油税已经交完了 ，我平啥白拉你  你有啥资格抓我。,0
#学雷锋被钓鱼执法#既有车主被钓鱼执法的可能，也有运管被钓鱼采访的可能。,0
这年头，一切皆有可能！,0
#90后青年暴打老人#清明代扫墓惹争议#学雷锋被钓鱼执法#http://url.cn/1e0e9u,0
#学雷锋被钓鱼执法# 我去！,0
一看就知道是钓鱼执法，要真不是。,0
请给出视频，记着都知道暗访，现在警察执法都有录像的，没有就是那警察在钓鱼！,0
另外。,0
雷锋是几十年的东西了。,0
冷漠点好！,0
至少不会受伤害。,0
/疑问,0
#学雷锋被钓鱼执法#称自己3月8日好心开车载两名男子去某地，“想学雷锋做好事，没想要真正收钱”，驶过一段路后乘客表明是运管执法人员，并将尹车辆扣押后处以3万元罚款。,0
执法人员则称那天尹是主动停靠，并有讨价行为。,0
#中国教师收入全球几垫底#哈哈，看来是有人要挑起事端了，这个问题直接这样讨论存在太多的争端，中国各大小城市老师收入不同，而加拿大各省的老师收入也是有所差别的。,0
什么事都敢做！！,0
照此标准计算。,0
中国官员的工资也是全世界最低了。,0
#中国教师收入全球几垫底#教师的隐形工作连量和那些八小时公务员的工作量简直没法比，收入更没什么隐形收入。,0
比较贫困的地区收入更是微薄。,0
#中国教师收入全球几垫底#是呀，在全球排位，我们老师的工资垫底。,0
古训也有天地君亲师的明确规定。,0
#中国教师收入全球几垫底#退休以后不干活都拿好几千的教师 在苏州多的是 还只是小学初中的教师。,0
#中国教师收入全球几垫底#真的吗？,0
生活没着落，有何心思教人育人呢？,0
不能光算国家规定的工资，各种收入加起来，是不会少的。,0
#中国教师收入全球几垫底#所指地的是乡村教师吧？,0
在这个高物价年代，一个在珠三角的普通打工者月收入也只有两千多甚至更低，除去房租、生活费用就所剩无几了，如果还要养家糊口，那就更难了！,0
#中国教师收入全球几垫底#对个别教师不能和全体教师混为一谈，不遵守法规的人员是有的，可惩罚的。,0
仅够温饱而已！,0
明面上的 不能代表全部。！~,0
可能是城市和乡村教师的待遇差距太大了吧，这是国家管理的问题。,0
老师也是普通人，而不是圣人！,0
#中国教师收入全球几垫底#不知道这些统计结果是怎么生成的，教师的工资较有些行业来说不算低了吧，比教师工资低的工种多得多。,0
并不是每个员工都能月薪四千多，低于四千的人比比皆是。,0
挣扎在贫困线上的人更不在少数。,0
增加每位公民的收入不拖后腿才是真,0
#中国教师收入全球几垫底#思维:根据美国官方的数据，美国目前持枪的国民有2.7亿人，除去未成年人，几乎平均人手一枪。,0
这说明什么？,0
人心安，社会就稳，国家就强。,0
#中国教师收入全球几垫底#\n中国教师的的收入不会垫底，因为他们的隐性收入多，如收补课费，课外作业资料费回扣等。,0
首先要提高农村教师工资，改善民生。,0
伟大的祖国，教师也给您拖后腿了……,0
没进这个行业，也以为待遇挺好，时间长了才知道……,0
所谓的待遇 就是 潜在福利。,0
/难过,0
#中国教师收入全球几垫底#中国与其他国家经济实力不同，国情不同，不论是教师还是其他行业工资，根本没有可比性。,0
何况，中国经济发展极为不平衡，这个教师的月平均工资比较有什么意义？！,0
企业老总、高官收入非常高，但他们的工作是下面的人民做的，这是为什么？,0
所以期盼收入分配更合理一些！！,0
唉！！！,0
师者，答疑解惑者也。,0
\n苍天啊，大地啊，我可怜的孩子啊！！！,0
#中国教师收入全球几垫底#现在的老师都是靠做家教来赚取钞票的，一般的老师不管是教小学还是教中学的，都已经是有房有车一族了，还最低？,0
中国人真的没有外国人儿时的教育好,0
不要拿应试教育这个体制来辩驳,0
#中国教师收入全球几垫底#这是必然的，不仅挣钱少，而且要受气，学生和家长的敌对，学生骂老师，老师不能还嘴，学生打老师，老师不能还手。,0
只要有此举动，所有理亏的事就都冲着你来了。,0
2003年，一所乡村学校校长为了让教师能在教师节有一份礼品，请示镇领导，答复：和上年的礼品价值要相当。,0
查记载，上年是塑料雨衣一件，价值19元。,0
领导批示，就按19元发放！,0
学校自己补了1元，给每个教师发了20元。,0
創新教育。,0
教師工資是每個地方都不衕的。,0
一個字，錢。,0
#中国教师收入全球几垫底#尊师重教嘛。,0
你看元朝那元制文人只排乞丐前面而已。,0
#中国教师收入全球几垫底#没有几个。,0
#中国教师收入全球几垫底#  教师！,0
唉！,0
#中国教师收入全球几垫底#鱼有鱼路，虾有虾路。,0
所以孩子们上学的各种收费层出不穷。,0
#中国教师收入全球几垫底#在天国我们的园丁何时成了垫底的了。,0
那你要看和什么国家比。,0
是的，我们的gdp世界第一，是的，我们的地方政府财政世界第二，誰特吗敢叫板第一。,0
#中国教师收入全球几垫底#好像是倒数第三把。,0
#中国教师收入全球几垫底#在穷也不能穷教育啊。,0
哎，钱少。,0
#中国教师收入全球几垫底#  误人子弟还是桃李天下？,0
‘人类灵魂的工程师’千万别亵渎了这个称谓啊！,0
#中国教师收入全球几垫底#再穷不能穷教育，再富不能富教师。,0
相信大家身边都有事例吧！.,0
#中国教师收入全球几垫底#,0
/流泪,0
#中国教师收入全球几垫底#什么无形的哦？,0
那是最把权的、最贪心的那种人做的。,0
你以为个个老师都有啊？,0
越来越臭了。。,0
中国劳动力大国。,0
普通工人占大数，人家一天12小时上班时间收入才不到2000.。,0
还经常通宵加班。。,0
这类人不叫中国人了啊？？？？,0
